1	4	Right	rodrigues_1322.jpg	almirante_1942.jpg
1	2	Right	floriano_7842.jpg	almirante_1282.jpg
1	2	Right	almirante_462.jpg	rodrigues_1082.jpg
1	2	Right	floriano_1162.jpg	floriano_442.jpg
1	1	Right	floriano_2922.jpg	almirante_242.jpg
1	2	Left	rodrigues_1742.jpg	rodrigues_1322.jpg
1	2	Left	rodrigues_1702.jpg	floriano_6202.jpg
1	2	Right	floriano_3722.jpg	almirante_622.jpg
1	2	Left	almirante_1502.jpg	floriano_3922.jpg
1	2	Left	rodrigues_282.jpg	floriano_3702.jpg
1	2	NotKnown	floriano_7122.jpg	floriano_4442.jpg
18	1	Right	rodrigues_1322.jpg	almirante_1942.jpg
18	1	Left	floriano_7842.jpg	almirante_1282.jpg
18	1	Right	almirante_462.jpg	rodrigues_1082.jpg
18	1	Right	floriano_1162.jpg	floriano_442.jpg
18	2	Right	floriano_2922.jpg	almirante_242.jpg
18	2	NotKnown	rodrigues_1742.jpg	rodrigues_1322.jpg
18	2	Left	rodrigues_1702.jpg	floriano_6202.jpg
20	1	Right	rodrigues_1322.jpg	almirante_1942.jpg
18	2	Right	floriano_3722.jpg	almirante_622.jpg
19	1	Right	rodrigues_1322.jpg	almirante_1942.jpg
18	2	Left	almirante_1502.jpg	floriano_3922.jpg
20	1	NotKnown	floriano_7842.jpg	almirante_1282.jpg
19	1	Right	floriano_7842.jpg	almirante_1282.jpg
20	1	NotKnown	almirante_462.jpg	rodrigues_1082.jpg
19	1	Right	almirante_462.jpg	rodrigues_1082.jpg
19	1	Right	floriano_1162.jpg	floriano_442.jpg
19	1	Right	floriano_2922.jpg	almirante_242.jpg
20	1	NotKnown	floriano_1162.jpg	floriano_442.jpg
19	1	Left	rodrigues_1742.jpg	rodrigues_1322.jpg
19	1	Left	rodrigues_1702.jpg	floriano_6202.jpg
18	2	Left	rodrigues_282.jpg	floriano_3702.jpg
19	1	Right	floriano_3722.jpg	almirante_622.jpg
19	1	Left	almirante_1502.jpg	floriano_3922.jpg
19	1	Left	rodrigues_282.jpg	floriano_3702.jpg
18	3	NotKnown	floriano_7122.jpg	floriano_4442.jpg
20	1	Left	floriano_2922.jpg	almirante_242.jpg
18	3	Left	floriano_8602.jpg	rodrigues_1322.jpg
19	1	Left	floriano_7122.jpg	floriano_4442.jpg
19	1	Right	floriano_8602.jpg	rodrigues_1322.jpg
18	3	NotKnown	floriano_7102.jpg	floriano_7122.jpg
20	1	Left	rodrigues_1742.jpg	rodrigues_1322.jpg
20	1	Left	rodrigues_1702.jpg	floriano_6202.jpg
19	1	NotKnown	floriano_7102.jpg	floriano_7122.jpg
18	3	Left	almirante_1762.jpg	floriano_4082.jpg
19	1	Left	almirante_1762.jpg	floriano_4082.jpg
18	4	Right	almirante_1982.jpg	rodrigues_182.jpg
18	4	Left	rodrigues_622.jpg	almirante_1822.jpg
18	4	NotKnown	almirante_1482.jpg	floriano_7162.jpg
18	4	Left	almirante_1922.jpg	rodrigues_1422.jpg
18	4	Right	almirante_542.jpg	rodrigues_582.jpg
18	4	Left	rodrigues_382.jpg	rodrigues_762.jpg
20	1	Right	floriano_3722.jpg	almirante_622.jpg
20	1	Left	almirante_1502.jpg	floriano_3922.jpg
19	1	Right	almirante_1982.jpg	rodrigues_182.jpg
19	1	Left	rodrigues_622.jpg	almirante_1822.jpg
20	1	Left	rodrigues_282.jpg	floriano_3702.jpg
20	1	Left	floriano_7122.jpg	floriano_4442.jpg
19	1	Left	almirante_1482.jpg	floriano_7162.jpg
20	1	Left	floriano_8602.jpg	rodrigues_1322.jpg
19	1	Left	almirante_1922.jpg	rodrigues_1422.jpg
20	1	NotKnown	floriano_7102.jpg	floriano_7122.jpg
19	1	Right	almirante_542.jpg	rodrigues_582.jpg
18	1	Left	rodrigues_402.jpg	almirante_2202.jpg
19	1	Right	rodrigues_382.jpg	rodrigues_762.jpg
18	1	NotKnown	floriano_7742.jpg	floriano_4282.jpg
18	1	NotKnown	floriano_8482.jpg	almirante_342.jpg
19	1	Left	rodrigues_402.jpg	almirante_2202.jpg
18	1	Right	almirante_1062.jpg	rodrigues_1862.jpg
18	1	Right	almirante_1042.jpg	rodrigues_1902.jpg
18	1	Right	floriano_42.jpg	almirante_1842.jpg
19	1	Left	floriano_7742.jpg	floriano_4282.jpg
18	1	Left	rodrigues_122.jpg	almirante_1082.jpg
18	1	Right	floriano_4362.jpg	almirante_442.jpg
19	1	Left	floriano_8482.jpg	almirante_342.jpg
18	1	Right	rodrigues_1502.jpg	rodrigues_102.jpg
19	1	Left	almirante_1062.jpg	rodrigues_1862.jpg
18	1	Left	almirante_1722.jpg	almirante_962.jpg
19	1	Left	almirante_1042.jpg	rodrigues_1902.jpg
18	1	Right	almirante_1742.jpg	almirante_902.jpg
19	1	Right	floriano_42.jpg	almirante_1842.jpg
19	1	Left	rodrigues_122.jpg	almirante_1082.jpg
19	1	Right	floriano_4362.jpg	almirante_442.jpg
19	1	Right	rodrigues_1502.jpg	rodrigues_102.jpg
19	1	Left	almirante_1722.jpg	almirante_962.jpg
19	1	Left	almirante_1742.jpg	almirante_902.jpg
19	1	Right	almirante_902.jpg	rodrigues_742.jpg
19	1	Left	rodrigues_582.jpg	almirante_622.jpg
19	1	Left	rodrigues_122.jpg	rodrigues_222.jpg
19	1	Left	rodrigues_1762.jpg	floriano_5282.jpg
19	1	Right	rodrigues_1922.jpg	rodrigues_222.jpg
19	1	Left	floriano_5482.jpg	floriano_7262.jpg
19	1	Right	floriano_4222.jpg	almirante_42.jpg
19	1	Left	almirante_1762.jpg	floriano_4502.jpg
20	1	Left	almirante_1762.jpg	floriano_4082.jpg
20	1	Right	almirante_542.jpg	rodrigues_582.jpg
20	1	Left	almirante_1982.jpg	rodrigues_182.jpg
20	1	Left	rodrigues_382.jpg	rodrigues_762.jpg
20	1	NotKnown	rodrigues_622.jpg	almirante_1822.jpg
20	1	Left	almirante_1482.jpg	floriano_7162.jpg
20	1	Left	almirante_1922.jpg	rodrigues_1422.jpg
19	1	Left	rodrigues_202.jpg	almirante_902.jpg
19	1	Right	floriano_6442.jpg	almirante_1182.jpg
19	1	Left	floriano_1742.jpg	rodrigues_2.jpg
19	1	Right	floriano_6702.jpg	rodrigues_182.jpg
19	1	Left	floriano_122.jpg	almirante_2142.jpg
19	1	Left	almirante_2022.jpg	floriano_7662.jpg
19	1	Right	floriano_1102.jpg	floriano_962.jpg
19	1	Right	floriano_3882.jpg	rodrigues_1582.jpg
19	1	Left	rodrigues_922.jpg	rodrigues_1782.jpg
19	4	Right	almirante_1602.jpg	almirante_1142.jpg
19	4	Right	floriano_4522.jpg	floriano_3982.jpg
19	4	Left	rodrigues_342.jpg	floriano_5842.jpg
19	4	Right	floriano_7202.jpg	rodrigues_482.jpg
19	4	Left	floriano_2322.jpg	floriano_3942.jpg
19	4	Left	floriano_8602.jpg	floriano_6402.jpg
19	4	Right	almirante_62.jpg	floriano_962.jpg
19	4	Right	rodrigues_1862.jpg	rodrigues_1742.jpg
19	4	Right	almirante_142.jpg	rodrigues_1882.jpg
19	4	Left	rodrigues_1202.jpg	rodrigues_1842.jpg
19	4	Left	floriano_1722.jpg	almirante_2022.jpg
1	1	Right	floriano_8602.jpg	rodrigues_1322.jpg
1	1	NotKnown	floriano_7102.jpg	floriano_7122.jpg
1	1	Left	almirante_1982.jpg	rodrigues_182.jpg
17	1	Right	rodrigues_1322.jpg	almirante_1942.jpg
1	2	Left	rodrigues_622.jpg	almirante_1822.jpg
0	2	Right	rodrigues_1322.jpg	almirante_1942.jpg
4	1	Right	rodrigues_1322.jpg	almirante_1942.jpg
21	1	Right	rodrigues_1322.jpg	almirante_1942.jpg
21	1	Left	floriano_7842.jpg	almirante_1282.jpg
21	1	Right	almirante_462.jpg	rodrigues_1082.jpg
21	1	Left	floriano_1162.jpg	floriano_442.jpg
21	1	Left	floriano_2922.jpg	almirante_242.jpg
21	1	Left	almirante_1502.jpg	floriano_3922.jpg
21	1	Left	floriano_8602.jpg	rodrigues_1322.jpg
21	1	Left	almirante_1982.jpg	rodrigues_182.jpg
21	1	Right	almirante_1922.jpg	rodrigues_1422.jpg
21	1	Right	floriano_42.jpg	almirante_1842.jpg
21	1	Right	rodrigues_1502.jpg	rodrigues_102.jpg
21	1	Right	almirante_902.jpg	rodrigues_742.jpg
21	1	Left	rodrigues_1762.jpg	floriano_5282.jpg
21	1	NotKnown	floriano_4222.jpg	almirante_42.jpg
21	1	Right	floriano_6442.jpg	almirante_1182.jpg
21	1	Right	rodrigues_1742.jpg	rodrigues_1322.jpg
21	1	Left	rodrigues_282.jpg	floriano_3702.jpg
21	1	Left	floriano_8482.jpg	almirante_342.jpg
21	1	Left	rodrigues_1702.jpg	floriano_6202.jpg
21	1	Left	floriano_7122.jpg	floriano_4442.jpg
21	1	NotKnown	floriano_7102.jpg	floriano_7122.jpg
21	1	Left	rodrigues_622.jpg	almirante_1822.jpg
21	1	Right	almirante_542.jpg	rodrigues_582.jpg
21	1	Right	almirante_1042.jpg	rodrigues_1902.jpg
21	1	Right	floriano_3722.jpg	almirante_622.jpg
21	1	Right	floriano_4362.jpg	almirante_442.jpg
21	1	Left	almirante_1742.jpg	almirante_902.jpg
21	1	Left	rodrigues_122.jpg	rodrigues_222.jpg
21	1	Left	floriano_5482.jpg	floriano_7262.jpg
21	1	Right	rodrigues_202.jpg	almirante_902.jpg
21	1	Right	floriano_6702.jpg	rodrigues_182.jpg
0	4	Right	floriano_7842.jpg	almirante_1282.jpg
21	1	Left	almirante_1762.jpg	floriano_4082.jpg
21	1	NotKnown	almirante_1482.jpg	floriano_7162.jpg
21	1	Right	rodrigues_382.jpg	rodrigues_762.jpg
21	1	Left	rodrigues_402.jpg	almirante_2202.jpg
21	1	Left	floriano_7742.jpg	floriano_4282.jpg
21	1	Right	almirante_1062.jpg	rodrigues_1862.jpg
21	1	Left	rodrigues_122.jpg	almirante_1082.jpg
21	1	NotKnown	almirante_1722.jpg	almirante_962.jpg
21	1	Left	rodrigues_582.jpg	almirante_622.jpg
21	1	Left	rodrigues_1922.jpg	rodrigues_222.jpg
21	1	Left	almirante_1762.jpg	floriano_4502.jpg
21	1	Left	floriano_1742.jpg	rodrigues_2.jpg
21	1	Left	floriano_122.jpg	almirante_2142.jpg
21	1	Right	almirante_2022.jpg	floriano_7662.jpg
21	1	NotKnown	floriano_1102.jpg	floriano_962.jpg
21	1	Right	floriano_3882.jpg	rodrigues_1582.jpg
21	1	NotKnown	rodrigues_922.jpg	rodrigues_1782.jpg
21	1	NotKnown	almirante_1602.jpg	almirante_1142.jpg
21	1	NotKnown	floriano_4522.jpg	floriano_3982.jpg
21	1	Left	rodrigues_342.jpg	floriano_5842.jpg
21	1	Right	floriano_7202.jpg	rodrigues_482.jpg
21	1	Left	floriano_2322.jpg	floriano_3942.jpg
21	1	Left	floriano_8602.jpg	floriano_6402.jpg
21	1	Right	almirante_62.jpg	floriano_962.jpg
21	1	NotKnown	rodrigues_1862.jpg	rodrigues_1742.jpg
21	1	Right	almirante_142.jpg	rodrigues_1882.jpg
21	1	NotKnown	rodrigues_1202.jpg	rodrigues_1842.jpg
21	1	Left	floriano_1722.jpg	almirante_2022.jpg
21	1	Left	rodrigues_822.jpg	floriano_1842.jpg
21	1	Left	rodrigues_1642.jpg	floriano_4582.jpg
21	1	NotKnown	almirante_1382.jpg	almirante_442.jpg
21	1	Left	rodrigues_1222.jpg	almirante_2062.jpg
21	1	Right	almirante_202.jpg	almirante_222.jpg
21	1	Right	floriano_1082.jpg	rodrigues_1102.jpg
21	1	Right	almirante_2022.jpg	floriano_4582.jpg
21	1	Left	floriano_1082.jpg	floriano_7062.jpg
21	1	Right	floriano_3762.jpg	rodrigues_322.jpg
21	1	Left	rodrigues_1002.jpg	almirante_282.jpg
21	1	Right	floriano_2102.jpg	rodrigues_962.jpg
21	1	Right	floriano_3902.jpg	almirante_1082.jpg
21	1	Right	almirante_242.jpg	almirante_1022.jpg
21	1	NotKnown	almirante_1262.jpg	almirante_482.jpg
21	1	Left	almirante_2122.jpg	almirante_82.jpg
21	1	Right	floriano_5882.jpg	rodrigues_102.jpg
21	1	Right	floriano_5722.jpg	rodrigues_142.jpg
21	1	Left	rodrigues_182.jpg	rodrigues_22.jpg
21	1	Left	almirante_1722.jpg	almirante_182.jpg
21	1	Right	floriano_3922.jpg	almirante_422.jpg
21	1	Left	rodrigues_1742.jpg	floriano_1822.jpg
21	1	Right	almirante_142.jpg	floriano_6922.jpg
21	1	Left	rodrigues_862.jpg	almirante_1922.jpg
21	1	NotKnown	rodrigues_1442.jpg	rodrigues_1662.jpg
21	1	Right	almirante_2242.jpg	rodrigues_462.jpg
21	1	Left	floriano_4622.jpg	almirante_1702.jpg
21	1	NotKnown	almirante_1522.jpg	almirante_1562.jpg
21	1	Right	almirante_362.jpg	floriano_3382.jpg
21	1	Right	floriano_1582.jpg	floriano_2702.jpg
21	1	Left	rodrigues_342.jpg	almirante_242.jpg
21	1	Right	floriano_4222.jpg	floriano_7002.jpg
21	1	Left	floriano_2202.jpg	floriano_2342.jpg
21	1	Right	rodrigues_1382.jpg	rodrigues_42.jpg
21	1	Right	floriano_4602.jpg	rodrigues_1882.jpg
21	1	Right	almirante_1242.jpg	rodrigues_162.jpg
21	1	Left	rodrigues_362.jpg	almirante_362.jpg
21	1	Right	almirante_762.jpg	rodrigues_902.jpg
21	1	Left	floriano_8902.jpg	almirante_1702.jpg
21	1	Left	floriano_8022.jpg	almirante_942.jpg
21	1	NotKnown	floriano_2722.jpg	floriano_2562.jpg
21	1	Right	almirante_1902.jpg	rodrigues_1362.jpg
21	1	Right	floriano_5822.jpg	rodrigues_102.jpg
21	1	Right	almirante_1882.jpg	rodrigues_522.jpg
21	1	NotKnown	almirante_602.jpg	almirante_542.jpg
21	1	Left	floriano_7662.jpg	almirante_362.jpg
21	1	Left	rodrigues_922.jpg	almirante_2042.jpg
21	1	Left	almirante_1882.jpg	almirante_1242.jpg
21	1	Right	floriano_1062.jpg	rodrigues_1702.jpg
21	1	Right	floriano_5322.jpg	rodrigues_1402.jpg
21	1	Right	almirante_922.jpg	rodrigues_202.jpg
21	1	Right	almirante_1522.jpg	almirante_422.jpg
21	1	Left	rodrigues_682.jpg	almirante_602.jpg
21	1	Right	almirante_662.jpg	floriano_8482.jpg
21	1	Left	rodrigues_282.jpg	almirante_682.jpg
21	1	Right	almirante_1142.jpg	floriano_5162.jpg
21	1	Right	almirante_1102.jpg	almirante_1802.jpg
21	1	Right	floriano_7102.jpg	rodrigues_682.jpg
21	1	Left	rodrigues_442.jpg	almirante_2102.jpg
21	1	Left	rodrigues_82.jpg	rodrigues_442.jpg
21	1	Left	rodrigues_522.jpg	rodrigues_1762.jpg
21	1	Right	almirante_2022.jpg	floriano_5402.jpg
21	1	Left	floriano_1262.jpg	floriano_202.jpg
21	1	Left	floriano_3202.jpg	rodrigues_442.jpg
21	1	Left	rodrigues_1882.jpg	almirante_682.jpg
21	1	Left	rodrigues_562.jpg	almirante_1362.jpg
21	1	Right	floriano_6882.jpg	rodrigues_162.jpg
21	1	Left	rodrigues_1602.jpg	almirante_1502.jpg
21	1	NotKnown	almirante_402.jpg	almirante_462.jpg
21	1	Left	floriano_502.jpg	floriano_2342.jpg
21	1	Left	rodrigues_82.jpg	almirante_1402.jpg
21	1	Right	almirante_1662.jpg	floriano_1102.jpg
21	1	Right	almirante_1162.jpg	floriano_7642.jpg
21	1	Left	rodrigues_742.jpg	rodrigues_1422.jpg
21	1	Right	almirante_642.jpg	rodrigues_502.jpg
21	1	Left	rodrigues_122.jpg	almirante_1962.jpg
21	1	Left	rodrigues_362.jpg	floriano_6142.jpg
21	1	Right	floriano_6822.jpg	rodrigues_282.jpg
21	1	Right	almirante_162.jpg	rodrigues_1782.jpg
21	1	Left	rodrigues_682.jpg	almirante_2102.jpg
21	1	Left	floriano_422.jpg	rodrigues_402.jpg
21	1	Left	rodrigues_1142.jpg	almirante_542.jpg
21	1	Right	floriano_6102.jpg	almirante_2162.jpg
21	1	NotKnown	almirante_2182.jpg	almirante_2102.jpg
21	1	Left	floriano_1122.jpg	almirante_1622.jpg
21	1	Right	almirante_482.jpg	floriano_2922.jpg
21	1	NotKnown	almirante_662.jpg	almirante_2042.jpg
21	1	NotKnown	almirante_262.jpg	almirante_382.jpg
21	1	Left	almirante_2002.jpg	rodrigues_722.jpg
21	1	Right	floriano_2642.jpg	rodrigues_1122.jpg
21	1	Right	floriano_5062.jpg	rodrigues_802.jpg
21	1	Right	almirante_882.jpg	floriano_3162.jpg
21	1	Left	rodrigues_1742.jpg	almirante_502.jpg
21	1	Right	floriano_2102.jpg	floriano_2282.jpg
21	1	Right	almirante_1002.jpg	floriano_2782.jpg
21	1	Right	floriano_2622.jpg	floriano_8282.jpg
21	1	Left	rodrigues_362.jpg	floriano_2562.jpg
21	1	Right	almirante_1402.jpg	floriano_2062.jpg
21	1	Right	floriano_6882.jpg	rodrigues_22.jpg
21	1	Right	almirante_1602.jpg	rodrigues_1022.jpg
21	1	Left	floriano_8022.jpg	floriano_4042.jpg
21	1	NotKnown	almirante_1182.jpg	almirante_842.jpg
21	1	Left	rodrigues_262.jpg	almirante_682.jpg
21	1	Right	rodrigues_522.jpg	floriano_482.jpg
21	1	Right	almirante_1442.jpg	rodrigues_162.jpg
21	1	Right	floriano_5122.jpg	floriano_1902.jpg
21	1	NotKnown	almirante_2062.jpg	floriano_2782.jpg
21	1	NotKnown	almirante_942.jpg	almirante_462.jpg
21	1	Left	floriano_8642.jpg	floriano_6822.jpg
21	1	Right	floriano_6202.jpg	almirante_922.jpg
21	1	Right	floriano_1522.jpg	floriano_942.jpg
6	1	NotKnown	rodrigues_1322.jpg	almirante_1942.jpg
21	1	Left	floriano_542.jpg	floriano_2642.jpg
6	1	NotKnown	floriano_7842.jpg	almirante_1282.jpg
21	1	Left	rodrigues_622.jpg	almirante_542.jpg
21	1	Right	almirante_462.jpg	floriano_2842.jpg
21	1	Right	floriano_7902.jpg	rodrigues_142.jpg
21	1	Right	almirante_1362.jpg	rodrigues_1202.jpg
21	1	Left	rodrigues_862.jpg	floriano_7522.jpg
21	1	Left	rodrigues_202.jpg	almirante_242.jpg
21	1	Right	almirante_1002.jpg	rodrigues_1222.jpg
21	1	Right	almirante_702.jpg	rodrigues_142.jpg
21	1	Right	floriano_2462.jpg	rodrigues_162.jpg
21	1	Right	almirante_682.jpg	floriano_8002.jpg
21	1	Right	floriano_7222.jpg	rodrigues_362.jpg
21	1	Right	almirante_1382.jpg	floriano_1062.jpg
21	1	NotKnown	almirante_282.jpg	almirante_122.jpg
21	1	NotKnown	almirante_1342.jpg	almirante_1882.jpg
21	1	Right	floriano_2922.jpg	floriano_1222.jpg
21	1	NotKnown	almirante_302.jpg	almirante_1142.jpg
21	1	Right	almirante_242.jpg	floriano_7102.jpg
21	1	Right	almirante_442.jpg	almirante_1982.jpg
21	1	Right	almirante_42.jpg	almirante_1942.jpg
21	1	Right	almirante_82.jpg	floriano_1482.jpg
21	1	Right	rodrigues_1802.jpg	rodrigues_1082.jpg
21	1	Right	almirante_802.jpg	rodrigues_502.jpg
21	1	Right	floriano_1922.jpg	floriano_502.jpg
21	1	Right	floriano_4962.jpg	rodrigues_822.jpg
21	1	Left	floriano_4802.jpg	almirante_1382.jpg
21	1	NotKnown	almirante_322.jpg	almirante_502.jpg
21	1	Left	almirante_822.jpg	almirante_262.jpg
21	1	Right	floriano_4322.jpg	rodrigues_522.jpg
21	1	Left	rodrigues_962.jpg	almirante_1922.jpg
21	1	Left	floriano_7522.jpg	almirante_1622.jpg
21	1	Left	rodrigues_1582.jpg	almirante_1082.jpg
21	1	Left	rodrigues_1562.jpg	almirante_142.jpg
21	1	Left	rodrigues_1582.jpg	almirante_82.jpg
21	1	Right	rodrigues_182.jpg	rodrigues_1262.jpg
21	1	Left	rodrigues_1862.jpg	almirante_302.jpg
21	1	Left	almirante_422.jpg	almirante_622.jpg
21	1	NotKnown	floriano_8182.jpg	floriano_8562.jpg
21	1	Right	almirante_1322.jpg	rodrigues_1862.jpg
21	1	Right	almirante_2082.jpg	rodrigues_1742.jpg
21	1	Left	rodrigues_842.jpg	almirante_2162.jpg
21	1	Right	almirante_1502.jpg	rodrigues_1142.jpg
21	1	Left	rodrigues_122.jpg	floriano_5902.jpg
21	1	Right	almirante_62.jpg	rodrigues_1162.jpg
21	1	Right	almirante_1362.jpg	rodrigues_1862.jpg
21	1	Left	rodrigues_1022.jpg	floriano_6342.jpg
21	1	NotKnown	rodrigues_1462.jpg	rodrigues_1922.jpg
21	1	Right	floriano_8042.jpg	floriano_922.jpg
21	1	Right	floriano_602.jpg	rodrigues_682.jpg
21	1	Left	rodrigues_1922.jpg	almirante_562.jpg
21	1	Left	floriano_8422.jpg	floriano_1062.jpg
21	1	Left	rodrigues_622.jpg	floriano_8662.jpg
21	1	Left	rodrigues_422.jpg	almirante_382.jpg
21	1	Right	almirante_1542.jpg	floriano_4662.jpg
6	4	Right	almirante_462.jpg	rodrigues_1082.jpg
21	1	Left	almirante_1042.jpg	floriano_6382.jpg
21	1	NotKnown	almirante_122.jpg	almirante_462.jpg
21	1	NotKnown	almirante_1502.jpg	almirante_82.jpg
21	1	Left	rodrigues_722.jpg	floriano_1582.jpg
21	1	Right	almirante_522.jpg	floriano_1922.jpg
21	1	Left	floriano_7342.jpg	almirante_302.jpg
21	1	NotKnown	rodrigues_1602.jpg	rodrigues_1742.jpg
21	1	Right	almirante_1222.jpg	rodrigues_342.jpg
21	1	NotKnown	rodrigues_1362.jpg	rodrigues_1922.jpg
6	4	Right	floriano_1162.jpg	floriano_442.jpg
21	1	Right	rodrigues_1782.jpg	rodrigues_1262.jpg
21	1	Left	almirante_1682.jpg	almirante_182.jpg
21	1	Left	rodrigues_1742.jpg	almirante_1882.jpg
21	1	Left	floriano_8742.jpg	almirante_1862.jpg
21	1	Right	almirante_1402.jpg	floriano_2202.jpg
21	1	Left	almirante_962.jpg	floriano_6162.jpg
21	1	Left	rodrigues_402.jpg	rodrigues_1782.jpg
21	1	Right	floriano_8142.jpg	rodrigues_562.jpg
21	1	Right	floriano_1442.jpg	rodrigues_1102.jpg
21	1	Left	rodrigues_1542.jpg	almirante_1582.jpg
21	1	NotKnown	almirante_2242.jpg	almirante_1642.jpg
21	1	Right	almirante_1022.jpg	floriano_7422.jpg
21	1	Left	floriano_8242.jpg	almirante_1702.jpg
21	1	Left	floriano_662.jpg	almirante_1482.jpg
21	1	Right	floriano_5802.jpg	rodrigues_322.jpg
21	1	Left	rodrigues_62.jpg	floriano_5962.jpg
21	1	Right	almirante_542.jpg	floriano_3082.jpg
21	1	Right	almirante_422.jpg	floriano_2202.jpg
21	1	Right	floriano_5722.jpg	almirante_1342.jpg
21	1	Left	floriano_8522.jpg	almirante_1222.jpg
21	1	Left	rodrigues_882.jpg	almirante_1602.jpg
21	1	Right	almirante_142.jpg	floriano_142.jpg
21	1	Right	floriano_4242.jpg	floriano_8562.jpg
21	1	Left	rodrigues_222.jpg	rodrigues_1522.jpg
6	4	Right	rodrigues_1742.jpg	rodrigues_1322.jpg
21	1	Left	rodrigues_1282.jpg	almirante_1862.jpg
6	4	NotKnown	floriano_3722.jpg	almirante_622.jpg
21	1	Left	rodrigues_62.jpg	almirante_1922.jpg
21	1	Right	almirante_982.jpg	floriano_2582.jpg
21	1	Right	floriano_3662.jpg	floriano_8502.jpg
21	1	NotKnown	almirante_1122.jpg	almirante_202.jpg
21	1	Left	floriano_1502.jpg	almirante_2222.jpg
21	1	Right	almirante_1842.jpg	floriano_2022.jpg
21	1	Right	almirante_1542.jpg	rodrigues_1742.jpg
21	1	Right	floriano_3282.jpg	rodrigues_1342.jpg
21	1	Right	floriano_8042.jpg	rodrigues_962.jpg
21	1	Right	floriano_3862.jpg	floriano_5482.jpg
21	1	Right	floriano_6122.jpg	floriano_7482.jpg
21	1	Right	floriano_5242.jpg	rodrigues_442.jpg
6	4	Right	floriano_2922.jpg	almirante_242.jpg
21	1	NotKnown	almirante_1102.jpg	almirante_282.jpg
21	1	Left	floriano_2462.jpg	floriano_3582.jpg
6	4	NotKnown	rodrigues_1702.jpg	floriano_6202.jpg
21	1	Left	rodrigues_182.jpg	floriano_4942.jpg
6	4	Left	almirante_1502.jpg	floriano_3922.jpg
21	1	Right	floriano_5742.jpg	almirante_302.jpg
21	1	Left	rodrigues_142.jpg	almirante_1842.jpg
21	1	Right	floriano_5362.jpg	floriano_1942.jpg
21	1	Right	floriano_3942.jpg	floriano_2422.jpg
21	1	Right	almirante_782.jpg	floriano_8362.jpg
21	1	Right	floriano_4062.jpg	floriano_7182.jpg
21	1	Right	almirante_582.jpg	rodrigues_822.jpg
21	1	Right	rodrigues_1942.jpg	rodrigues_742.jpg
21	1	Left	almirante_1262.jpg	floriano_6502.jpg
21	1	Right	floriano_3162.jpg	floriano_4662.jpg
21	1	Right	almirante_22.jpg	rodrigues_722.jpg
21	1	Left	floriano_2722.jpg	floriano_42.jpg
21	1	Right	almirante_1902.jpg	rodrigues_1202.jpg
21	1	Right	almirante_702.jpg	almirante_2.jpg
21	1	Right	floriano_1162.jpg	rodrigues_2.jpg
21	1	Right	floriano_4042.jpg	rodrigues_1202.jpg
21	1	Right	floriano_4542.jpg	almirante_1402.jpg
21	1	Right	almirante_102.jpg	floriano_8622.jpg
21	1	Left	rodrigues_2.jpg	floriano_6902.jpg
21	1	Left	floriano_8202.jpg	almirante_1622.jpg
21	1	Left	floriano_6942.jpg	rodrigues_802.jpg
21	1	Left	almirante_1862.jpg	floriano_6102.jpg
21	1	Right	floriano_4182.jpg	almirante_22.jpg
6	4	Left	rodrigues_282.jpg	floriano_3702.jpg
21	1	NotKnown	almirante_22.jpg	floriano_2722.jpg
21	1	Right	floriano_5902.jpg	rodrigues_1902.jpg
21	1	Right	floriano_6742.jpg	almirante_162.jpg
6	4	NotKnown	floriano_7122.jpg	floriano_4442.jpg
21	1	Right	rodrigues_862.jpg	floriano_1162.jpg
21	1	Left	rodrigues_522.jpg	almirante_942.jpg
6	4	Right	floriano_8602.jpg	rodrigues_1322.jpg
21	1	Left	floriano_1982.jpg	almirante_662.jpg
21	1	Right	almirante_1162.jpg	floriano_1862.jpg
21	1	Right	floriano_2282.jpg	rodrigues_1722.jpg
21	1	Right	floriano_3922.jpg	floriano_6842.jpg
21	1	Right	floriano_4622.jpg	rodrigues_1302.jpg
21	1	NotKnown	almirante_2182.jpg	almirante_2222.jpg
21	1	Right	almirante_942.jpg	floriano_4862.jpg
21	1	Right	floriano_1082.jpg	floriano_1042.jpg
21	1	Right	almirante_582.jpg	rodrigues_102.jpg
21	1	Right	rodrigues_1562.jpg	floriano_7302.jpg
21	1	Left	rodrigues_1942.jpg	almirante_402.jpg
21	1	Left	floriano_122.jpg	rodrigues_1462.jpg
21	1	Left	rodrigues_1422.jpg	almirante_2.jpg
21	1	Left	floriano_1582.jpg	almirante_982.jpg
21	1	Right	almirante_2222.jpg	rodrigues_462.jpg
21	1	Right	floriano_4922.jpg	rodrigues_1642.jpg
21	1	Right	almirante_842.jpg	rodrigues_1622.jpg
21	1	Right	rodrigues_1402.jpg	floriano_8422.jpg
21	1	Right	almirante_262.jpg	floriano_8262.jpg
21	1	Right	floriano_5962.jpg	floriano_3402.jpg
21	1	Right	almirante_1482.jpg	almirante_1302.jpg
21	1	Right	almirante_1482.jpg	floriano_1022.jpg
21	1	Left	rodrigues_1602.jpg	floriano_1982.jpg
21	1	Left	floriano_2122.jpg	floriano_1442.jpg
21	1	Left	floriano_1182.jpg	floriano_6102.jpg
21	1	Left	rodrigues_862.jpg	rodrigues_1582.jpg
21	1	Left	rodrigues_1062.jpg	almirante_862.jpg
21	1	Right	floriano_5262.jpg	rodrigues_942.jpg
21	1	Left	rodrigues_1522.jpg	floriano_4242.jpg
21	1	NotKnown	almirante_1722.jpg	almirante_482.jpg
21	1	Right	floriano_4922.jpg	rodrigues_362.jpg
21	1	Left	almirante_2182.jpg	floriano_6182.jpg
21	1	Left	rodrigues_282.jpg	almirante_1102.jpg
21	1	Left	rodrigues_1522.jpg	almirante_682.jpg
21	1	Left	rodrigues_722.jpg	rodrigues_422.jpg
21	1	Left	rodrigues_1942.jpg	rodrigues_2.jpg
21	1	Right	floriano_5762.jpg	floriano_1582.jpg
21	1	Left	rodrigues_22.jpg	floriano_3862.jpg
21	1	NotKnown	rodrigues_802.jpg	rodrigues_842.jpg
21	1	Right	almirante_2022.jpg	floriano_7262.jpg
21	1	Right	almirante_1822.jpg	rodrigues_1942.jpg
21	1	Right	almirante_522.jpg	almirante_1802.jpg
21	1	Right	floriano_8002.jpg	rodrigues_1662.jpg
21	1	Left	rodrigues_542.jpg	floriano_3102.jpg
21	1	Left	floriano_2662.jpg	almirante_1702.jpg
21	1	NotKnown	almirante_1942.jpg	almirante_422.jpg
21	1	Right	almirante_362.jpg	floriano_4962.jpg
21	1	Right	rodrigues_1842.jpg	rodrigues_82.jpg
21	1	Left	almirante_1442.jpg	almirante_1822.jpg
21	1	Left	almirante_2002.jpg	floriano_3502.jpg
21	1	Right	floriano_5042.jpg	rodrigues_1122.jpg
21	1	NotKnown	rodrigues_1682.jpg	rodrigues_1922.jpg
21	1	Right	almirante_1022.jpg	floriano_262.jpg
21	1	Left	almirante_1762.jpg	almirante_1442.jpg
21	1	NotKnown	rodrigues_1922.jpg	rodrigues_1442.jpg
21	1	Left	rodrigues_422.jpg	rodrigues_902.jpg
21	1	Right	almirante_1862.jpg	rodrigues_1942.jpg
21	1	Right	floriano_2882.jpg	rodrigues_402.jpg
21	1	Right	almirante_1422.jpg	rodrigues_1202.jpg
21	1	Left	floriano_8202.jpg	rodrigues_1842.jpg
21	1	Right	almirante_22.jpg	rodrigues_82.jpg
21	1	Left	rodrigues_1742.jpg	floriano_8582.jpg
21	1	Right	floriano_4462.jpg	floriano_7882.jpg
21	1	Right	almirante_2102.jpg	rodrigues_862.jpg
21	1	Right	floriano_4642.jpg	rodrigues_722.jpg
21	1	Right	floriano_362.jpg	rodrigues_442.jpg
21	1	Left	rodrigues_402.jpg	almirante_1082.jpg
21	1	Right	almirante_1382.jpg	floriano_7002.jpg
21	1	Left	floriano_7222.jpg	floriano_4362.jpg
21	1	Left	floriano_1662.jpg	almirante_1922.jpg
21	1	Right	rodrigues_202.jpg	floriano_582.jpg
21	1	Right	almirante_882.jpg	floriano_722.jpg
21	1	Right	almirante_722.jpg	almirante_2182.jpg
21	1	Right	almirante_662.jpg	floriano_9002.jpg
21	1	Right	floriano_7222.jpg	floriano_482.jpg
21	1	NotKnown	floriano_6662.jpg	almirante_522.jpg
21	1	Left	rodrigues_482.jpg	floriano_4342.jpg
21	1	Right	almirante_1042.jpg	rodrigues_1522.jpg
21	1	Left	floriano_5602.jpg	floriano_7742.jpg
21	1	Right	floriano_6562.jpg	floriano_7442.jpg
21	1	Left	floriano_7522.jpg	almirante_1202.jpg
21	1	Right	almirante_1682.jpg	rodrigues_1002.jpg
21	1	Right	almirante_622.jpg	rodrigues_2.jpg
21	1	Right	floriano_4002.jpg	rodrigues_442.jpg
21	1	Right	floriano_1342.jpg	floriano_1482.jpg
21	1	Left	floriano_1162.jpg	floriano_8162.jpg
21	1	Right	floriano_4622.jpg	rodrigues_462.jpg
21	1	Left	rodrigues_1442.jpg	floriano_2642.jpg
21	1	Left	floriano_6962.jpg	rodrigues_1542.jpg
21	1	Right	almirante_222.jpg	floriano_7382.jpg
21	1	Left	rodrigues_1002.jpg	floriano_1702.jpg
21	1	Right	floriano_2722.jpg	rodrigues_382.jpg
21	1	Right	floriano_3982.jpg	floriano_2482.jpg
21	1	Right	floriano_3422.jpg	rodrigues_1262.jpg
21	1	Left	floriano_1002.jpg	almirante_2182.jpg
21	1	NotKnown	rodrigues_1502.jpg	rodrigues_1462.jpg
21	1	Right	floriano_4162.jpg	rodrigues_1422.jpg
21	1	Right	rodrigues_262.jpg	rodrigues_1022.jpg
21	1	Right	almirante_1682.jpg	floriano_3122.jpg
21	1	Left	rodrigues_1382.jpg	floriano_4042.jpg
21	1	Right	floriano_1262.jpg	rodrigues_1222.jpg
7	2	Right	floriano_2922.jpg	almirante_242.jpg
7	2	NotKnown	rodrigues_1742.jpg	rodrigues_1322.jpg
21	1	Left	rodrigues_1222.jpg	rodrigues_1162.jpg
21	1	Right	floriano_8922.jpg	rodrigues_82.jpg
7	1	Right	rodrigues_1322.jpg	almirante_1942.jpg
7	2	Left	almirante_462.jpg	rodrigues_1082.jpg
21	1	Right	floriano_4382.jpg	almirante_22.jpg
7	2	Right	floriano_3722.jpg	almirante_622.jpg
7	2	Left	rodrigues_282.jpg	floriano_3702.jpg
21	1	Left	almirante_222.jpg	floriano_6662.jpg
21	1	Left	floriano_1822.jpg	almirante_2022.jpg
21	1	Left	almirante_342.jpg	floriano_4442.jpg
21	1	Left	rodrigues_42.jpg	floriano_3482.jpg
21	1	Left	almirante_1742.jpg	floriano_7442.jpg
21	1	Right	floriano_5322.jpg	rodrigues_1842.jpg
21	1	Right	almirante_882.jpg	rodrigues_542.jpg
4	1	Right	almirante_462.jpg	rodrigues_1082.jpg
21	1	Right	floriano_6622.jpg	floriano_8002.jpg
7	2	Right	floriano_7842.jpg	almirante_1282.jpg
21	1	Left	floriano_8662.jpg	floriano_7842.jpg
7	2	Left	almirante_1502.jpg	floriano_3922.jpg
21	1	Right	almirante_1422.jpg	rodrigues_902.jpg
21	1	Right	almirante_462.jpg	rodrigues_62.jpg
21	1	Right	floriano_6242.jpg	almirante_1362.jpg
21	1	Left	rodrigues_442.jpg	almirante_462.jpg
7	2	Right	floriano_1162.jpg	floriano_442.jpg
21	1	Left	rodrigues_982.jpg	floriano_3682.jpg
7	1	Right	rodrigues_1702.jpg	floriano_6202.jpg
21	1	Right	almirante_1022.jpg	rodrigues_602.jpg
21	1	Right	almirante_842.jpg	rodrigues_1002.jpg
17	1	Right	floriano_7842.jpg	almirante_1282.jpg
4	1	Right	floriano_7842.jpg	almirante_1282.jpg
4	1	Right	floriano_1162.jpg	floriano_442.jpg
7	2	Left	floriano_7122.jpg	floriano_4442.jpg
7	2	Right	floriano_8602.jpg	rodrigues_1322.jpg
7	1	Right	floriano_7102.jpg	floriano_7122.jpg
7	1	Left	almirante_1762.jpg	floriano_4082.jpg
7	1	Left	almirante_1982.jpg	rodrigues_182.jpg
7	2	Left	rodrigues_622.jpg	almirante_1822.jpg
7	1	Left	almirante_1482.jpg	floriano_7162.jpg
7	1	Left	almirante_1922.jpg	rodrigues_1422.jpg
7	1	NotKnown	almirante_542.jpg	rodrigues_582.jpg
7	2	Right	rodrigues_382.jpg	rodrigues_762.jpg
7	2	Left	rodrigues_402.jpg	almirante_2202.jpg
7	2	NotKnown	floriano_7742.jpg	floriano_4282.jpg
7	2	Right	floriano_8482.jpg	almirante_342.jpg
7	2	Left	almirante_1062.jpg	rodrigues_1862.jpg
7	2	NotKnown	almirante_1042.jpg	rodrigues_1902.jpg
7	2	NotKnown	floriano_42.jpg	almirante_1842.jpg
7	2	Right	rodrigues_122.jpg	almirante_1082.jpg
7	2	Right	floriano_4362.jpg	almirante_442.jpg
22	1	Right	rodrigues_1322.jpg	almirante_1942.jpg
0	1	NotKnown	rodrigues_1322.jpg	almirante_1942.jpg
0	1	NotKnown	floriano_7842.jpg	almirante_1282.jpg
0	1	Left	almirante_462.jpg	rodrigues_1082.jpg
0	1	Right	floriano_1162.jpg	floriano_442.jpg
0	2	Right	floriano_2922.jpg	almirante_242.jpg
0	2	NotKnown	rodrigues_1702.jpg	floriano_6202.jpg
0	2	Left	almirante_1502.jpg	floriano_3922.jpg
22	1	Right	floriano_7842.jpg	almirante_1282.jpg
0	2	NotKnown	floriano_8602.jpg	rodrigues_1322.jpg
0	2	Left	almirante_1762.jpg	floriano_4082.jpg
22	1	Right	floriano_2922.jpg	almirante_242.jpg
22	1	Right	rodrigues_1742.jpg	rodrigues_1322.jpg
22	1	NotKnown	rodrigues_1702.jpg	floriano_6202.jpg
22	1	NotKnown	floriano_3722.jpg	almirante_622.jpg
22	1	Left	almirante_1502.jpg	floriano_3922.jpg
0	4	Left	rodrigues_622.jpg	almirante_1822.jpg
0	4	Right	almirante_1922.jpg	rodrigues_1422.jpg
0	2	NotKnown	rodrigues_1742.jpg	rodrigues_1322.jpg
0	2	Right	floriano_3722.jpg	almirante_622.jpg
0	2	Left	rodrigues_282.jpg	floriano_3702.jpg
0	2	NotKnown	floriano_7122.jpg	floriano_4442.jpg
22	1	Left	almirante_462.jpg	rodrigues_1082.jpg
0	2	NotKnown	floriano_7102.jpg	floriano_7122.jpg
22	1	Right	floriano_1162.jpg	floriano_442.jpg
0	4	Right	almirante_1982.jpg	rodrigues_182.jpg
22	1	Left	rodrigues_282.jpg	floriano_3702.jpg
22	1	Left	floriano_7122.jpg	floriano_4442.jpg
22	1	Right	floriano_8602.jpg	rodrigues_1322.jpg
0	4	Left	almirante_1482.jpg	floriano_7162.jpg
22	1	Right	floriano_7102.jpg	floriano_7122.jpg
22	1	Left	almirante_1762.jpg	floriano_4082.jpg
23	1	Right	rodrigues_1322.jpg	almirante_1942.jpg
24	1	Right	rodrigues_1322.jpg	almirante_1942.jpg
24	1	NotKnown	floriano_7842.jpg	almirante_1282.jpg
24	1	Right	almirante_462.jpg	rodrigues_1082.jpg
24	1	Right	floriano_1162.jpg	floriano_442.jpg
24	1	Right	floriano_2922.jpg	almirante_242.jpg
24	2	Right	rodrigues_1742.jpg	rodrigues_1322.jpg
24	2	NotKnown	rodrigues_1702.jpg	floriano_6202.jpg
24	2	NotKnown	floriano_3722.jpg	almirante_622.jpg
24	2	Left	almirante_1502.jpg	floriano_3922.jpg
24	2	Left	rodrigues_282.jpg	floriano_3702.jpg
24	2	Right	floriano_7122.jpg	floriano_4442.jpg
24	3	NotKnown	floriano_8602.jpg	rodrigues_1322.jpg
24	3	NotKnown	floriano_7102.jpg	floriano_7122.jpg
24	3	Left	almirante_1762.jpg	floriano_4082.jpg
24	3	Right	almirante_1982.jpg	rodrigues_182.jpg
24	3	Left	rodrigues_622.jpg	almirante_1822.jpg
24	4	Left	almirante_1482.jpg	floriano_7162.jpg
24	4	Right	almirante_1922.jpg	rodrigues_1422.jpg
24	4	Right	almirante_542.jpg	rodrigues_582.jpg
24	4	Left	rodrigues_382.jpg	rodrigues_762.jpg
24	4	Left	rodrigues_402.jpg	almirante_2202.jpg
24	4	NotKnown	floriano_7742.jpg	floriano_4282.jpg
24	4	NotKnown	floriano_8482.jpg	almirante_342.jpg
24	4	NotKnown	almirante_1062.jpg	rodrigues_1862.jpg
24	4	Left	almirante_1042.jpg	rodrigues_1902.jpg
24	4	Left	floriano_42.jpg	almirante_1842.jpg
24	4	NotKnown	rodrigues_122.jpg	almirante_1082.jpg
24	4	NotKnown	floriano_4362.jpg	almirante_442.jpg
24	4	Left	rodrigues_1502.jpg	rodrigues_102.jpg
24	4	NotKnown	almirante_1722.jpg	almirante_962.jpg
24	4	NotKnown	almirante_1742.jpg	almirante_902.jpg
0	4	Left	rodrigues_1322.jpg	almirante_1942.jpg
0	1	Left	floriano_7842.jpg	almirante_1282.jpg
0	4	Right	almirante_462.jpg	rodrigues_1082.jpg
0	2	Right	floriano_1162.jpg	floriano_442.jpg
