#,Pesquisador,Rua pesquisada,Cidade de origem,Loja:,Trabalha na área?,Quanto gastou em compras?,Em que estágio das compras o Sr./a Sra está?,Meio de transporte usado para chegar ao centro,"Se veio de carro, onde estacionou o carro?",Pedestres,Faixa de circulação de veículos,Estacionamento,Espaços Públicos,Arborização,Mobiliário Urbano,Em que ano o Sr./a Sra nasceu?,Qual sua renda familiar?,Sexo:,Start Date (UTC),Submit Date (UTC),Network ID
277e1d301cbd6d090be80d0c2d618b52,Fernanda,Maciel Pinheiro,Campina Grande,rutra,0,Não comprou,No meio,Ônibus,Não veio de carro,5,2,1,5,5,5,1955,"3 SM (R$2.364,00)",Feminino,2015-08-08 12:54:25,2015-08-08 13:23:03,8fccc5afa5
95d590f1378f7a43a31cc4273d62fe0b,Marihana,Maciel Pinheiro,Campina Grande,artigos esp,0,Não comprou,Não está comprando,Carro,Carona ida e volta,5,2,1,3,5,3,1996,Não quis informar,Feminino,2015-08-08 13:18:12,2015-08-08 13:22:36,65449e1e24
bfc2b239d029fa43b51f135ea096fc52,Pedro,Maciel Pinheiro,Campina Grande,serviços,0,"R$1,00 - R$50,00",Nem começou,Moto,Não veio de carro,5,4,5,5,5,4,1980,"3 a 5 SM (R$2.365,00 - R$3.940,00)",Feminino,2015-08-08 13:21:34,2015-08-08 13:26:29,ca4bcc28ba
fff449cdcb0e441f9af19069adaf0e42,Hanna,Maciel Pinheiro,Campina Grande,Aluisio,0,Não comprou,Nem começou,A pé,Não veio de carro,5,5,5,5,5,5,1953,"2 SM (R$1.576,00)",Feminino,2015-08-08 13:22:42,2015-08-08 13:26:17,a3debd4de2
66cc68d57e8b63f3dd3e238f8c9b88b9,Marihana,Maciel Pinheiro,Campina Grande,aluidio fashion,0,"R$51,00 - R$100,00",Já comprou tudo,Ônibus,onibue,5,5,1,5,5,5,1996,"3 a 5 SM (R$2.365,00 - R$3.940,00)",Masculino,2015-08-08 13:22:50,2015-08-08 13:26:41,65449e1e24
42a4b284c23f41494cdac3e5f1aef32c,Fernanda,Maciel Pinheiro,joao pessoa,gisalva modas,0,Não comprou,Nem começou,Ônibus,Não veio de carro,5,1,1,5,5,5,1996,"3 a 5 SM (R$2.365,00 - R$3.940,00)",Feminino,2015-08-08 13:23:29,2015-08-08 13:26:52,8fccc5afa5
b06e4193c78147b43876209ca75a9c62,Marihana,Maciel Pinheiro,Campina Grande,n,0,Não comprou,Não está comprando,Ônibus,Não veio de carro,4,4,4,5,5,5,1959,"Até 1 SM (R$788,00)",Feminino,2015-08-08 13:26:49,2015-08-08 13:30:38,65449e1e24
2e991325e52b8898d7aeed684a5fd019,Fernanda,Maciel Pinheiro,joao pessoa,gisalva modas,0,Não comprou,Nem começou,Ônibus,Não veio de carro,4,1,1,5,5,5,1996,"2 SM (R$1.576,00)",Feminino,2015-08-08 13:27:05,2015-08-08 13:29:49,8fccc5afa5
6f6a76f623ce6af6e0750b482f70e0f6,Hanna,Maciel Pinheiro,Campina Grande,Jet print Luís tecidos,0,"R$101,00 - R$200,00",No meio,Carro,Na rua,4,4,5,5,4,4,1983,Não quis informar,Masculino,2015-08-08 13:27:23,2015-08-08 13:30:21,a3debd4de2
a6e8dddd40dee06dcb89d08ed2d48d6f,Pedro,Maciel Pinheiro,Campina Grande,aluizio ,0,Não comprou,Não está comprando,Ônibus,Não veio de carro,5,4,2,3,5,4,1993,"Até 1 SM (R$788,00)",Feminino,2015-08-08 13:27:35,2015-08-08 13:33:53,ca4bcc28ba
43027cb697ed3fc0b9c45ed7268945dd,Fernanda,Maciel Pinheiro,Campina Grande,ipanema,1,Não comprou,Não está comprando,Carro,Carona apenas ida,5,1,1,5,4,5,1955,"2 SM (R$1.576,00)",Masculino,2015-08-08 13:30:00,2015-08-08 13:33:46,8fccc5afa5
578ff177a269c46a1e30ed30747d0853,Hanna,Maciel Pinheiro,Campina Grande,Colombo,0,Não comprou,Nem começou,Ônibus,Não veio de carro,5,5,5,5,5,4,1986,"3 SM (R$2.364,00)",Feminino,2015-08-08 13:30:36,2015-08-08 13:35:54,a3debd4de2
9ac4b72958f1273a97fe91e5ab0e6fa5,Marihana,Maciel Pinheiro,Campina Grande,rio modas,1,Não comprou,Não está comprando,Carro,Estacionamento privado,5,5,5,1,3,1,1996,Não quis informar,Masculino,2015-08-08 13:30:48,2015-08-08 13:33:55,65449e1e24
a7110c99135dc46622080c3de94eaa16,Fernanda,Maciel Pinheiro,Campina Grande,rabelo,1,Não comprou,Não está comprando,Moto,Na rua,5,3,1,5,5,5,1996,"5 a 8 SM (R$3.941,00 - R$6.304,00)",Masculino,2015-08-08 13:33:53,2015-08-08 13:38:08,8fccc5afa5
6fabea2596710f00b5cb6dbc4532424e,Marihana,Maciel Pinheiro,Campina Grande,estacionamento priv,1,Não comprou,Não está comprando,Ônibus,Não veio de carro,3,3,3,3,5,5,1961,Não quis informar,Masculino,2015-08-08 13:34:05,2015-08-08 13:40:05,65449e1e24
1cf715c5ecd497e36804bdaed858953f,Pedro,Maciel Pinheiro,Campina Grande,lojao do colegial,0,"R$1,00 - R$50,00",Nem começou,Ônibus,Não veio de carro,5,5,3,3,5,4,1988,"2 SM (R$1.576,00)",Feminino,2015-08-08 13:34:17,2015-08-08 13:39:59,ca4bcc28ba
d010f38f9f7911a6414f04dea93fbd29,Hanna,Maciel Pinheiro,Serra redonds,Palheta,0,"R$51,00 - R$100,00",No meio,Ônibus,Não veio de carro,5,3,4,4,5,5,1995,"2 SM (R$1.576,00)",Feminino,2015-08-08 13:36:17,2015-08-08 13:43:53,a3debd4de2
e65e2e4c3752b378346a9e9d32ca8d7c,Fernanda,Maciel Pinheiro,Campina Grande,rua,0,Não comprou,Não está comprando,Ônibus,Não veio de carro,5,5,1,3,4,2,1997,"Até 1 SM (R$788,00)",Feminino,2015-08-08 13:38:17,2015-08-08 13:42:03,8fccc5afa5
550e5c0433b05f20baa692f358da79a6,Pedro,Maciel Pinheiro,Campina Grande,shopping da beleza,0,"R$101,00 - R$200,00",No meio,Carro,Na rua zona azul,5,4,2,4,5,4,1989,"2 SM (R$1.576,00)",Feminino,2015-08-08 13:40:28,2015-08-08 13:44:23,ca4bcc28ba
37ebdc7184e25d73040c610ad9b89cb7,Marihana,Maciel Pinheiro,Campina Grande,n,0,Não comprou,Não está comprando,Carro,Na rua,5,5,4,5,5,5,1974,Não quis informar,Masculino,2015-08-08 13:40:46,2015-08-08 13:42:40,65449e1e24
27e02a04c68886b89db38c3cb36d0ad9,Fernanda,Maciel Pinheiro,Campina Grande,lojas zhang,0,Não comprou,Não está comprando,Carro,Estacionamento privado,3,5,5,4,5,4,1968,"3 SM (R$2.364,00)",Masculino,2015-08-08 13:42:33,2015-08-08 13:47:18,8fccc5afa5
29a1c68606a55c241453f884faf5c37b,Marihana,Maciel Pinheiro,Coremas,n,0,Não comprou,Não está comprando,Carro,Estacionamento privado,3,4,4,3,4,3,1965,Não quis informar,Masculino,2015-08-08 13:42:57,2015-08-08 13:45:13,65449e1e24
1090b7ebf58f65054dc8e555cd2a78c1,Hanna,Maciel Pinheiro,Campina Grande,Farmácia do trabalhador,1,"R$1,00 - R$50,00",Já comprou tudo,Carro,Estacionamento privado,5,5,5,5,3,5,1988,Não quis informar,Masculino,2015-08-08 13:44:18,2015-08-08 13:48:18,a3debd4de2
cda111e2c1c7e5a1d67fab8929a2d45b,Pedro,Maciel Pinheiro,Campina Grande,"1,75",0,"R$1,00 - R$50,00",No meio,Ônibus,Não veio de carro,5,3,4,5,5,5,1985,"2 SM (R$1.576,00)",Feminino,2015-08-08 13:44:44,2015-08-08 13:52:46,ca4bcc28ba
0a02ea3ba3d6df445235fb68c2e40e06,Marihana,Maciel Pinheiro,olivedos,n,0,Não comprou,No meio,A pé,Não veio de carro,5,3,3,5,5,5,1985,"Salário comercial (R$876,00)",Feminino,2015-08-08 13:45:24,2015-08-08 13:47:45,65449e1e24
97cb162e89f84875bca44eeaac116469,Fernanda,Maciel Pinheiro,Campina Grande,fiteiro esquina banco,0,Não comprou,Não está comprando,Moto,Estacionamento privado,4,5,4,3,4,3,1993,Não quis informar,Masculino,2015-08-08 13:47:28,2015-08-08 13:52:08,8fccc5afa5
beb6f7764c5ba6623fa1e56378b373af,Marihana,Maciel Pinheiro,Campina Grande,aluisio fashion ,0,"R$101,00 - R$200,00",No meio,Carro,Estacionamento privado,4,2,1,5,5,5,1965,"3 SM (R$2.364,00)",Feminino,2015-08-08 13:48:37,2015-08-08 13:52:15,65449e1e24
beca1bb8c7dceef7d0aecb00cfc25c3a,Hanna,Maciel Pinheiro,Campina Grande,Aluísio tecido,0,"R$101,00 - R$200,00",No meio,Ônibus,Não veio de carro,5,5,5,5,5,5,1984,"3 SM (R$2.364,00)",Masculino,2015-08-08 13:49:22,2015-08-08 13:52:49,a3debd4de2
523c5b8b4442367a1c40052cf2f1f30d,Fernanda,Maciel Pinheiro,Campina Grande,fiteiro esquina banco,1,Não comprou,Nem começou,Ônibus,Não veio de carro,5,4,5,1,5,1,1958,"3 SM (R$2.364,00)",Masculino,2015-08-08 13:52:21,2015-08-08 13:55:31,8fccc5afa5
5424b241f06fb750597ddae1ac5b2bfa,Marihana,Maciel Pinheiro,Campina Grande,varejão sao luiz,1,Não comprou,Não está comprando,A pé,Não veio de carro,5,2,3,1,1,1,1956,"Salário comercial (R$876,00)",Masculino,2015-08-08 13:52:26,2015-08-08 13:55:12,65449e1e24
a32bc7324c49d4d909caed5508809631,Hanna,Maciel Pinheiro,Campina Grande,Apotiguar,1,"R$201,00 - R$500,00",Já comprou tudo,Ônibus,Não veio de carro,5,2,2,5,5,5,1967,"5 a 8 SM (R$3.941,00 - R$6.304,00)",Feminino,2015-08-08 13:53:17,2015-08-08 13:58:34,a3debd4de2
c0b6f773145404009ad377e8b622db7a,Pedro,Maciel Pinheiro,Campina Grande,potiguar,0,"R$201,00 - R$500,00",No meio,Ônibus,Não veio de carro,2,3,3,4,4,2,1966,"Até 1 SM (R$788,00)",Feminino,2015-08-08 13:55:53,2015-08-08 13:58:52,ca4bcc28ba
6207be56c001a2aea85b2b2915c6c0bd,Fernanda,Maciel Pinheiro,currais novos,rabelo,0,"R$101,00 - R$200,00",Já comprou tudo,A pé,Não veio de carro,5,1,1,5,5,5,1990,"8 a 10 SM (R$6.305,00 - R$7.880,00)",Feminino,2015-08-08 15:47:53,2015-08-08 15:50:31,8fccc5afa5
d3f7f8d3eb0a0f39f9529356f10a86e7,Hanna,Maciel Pinheiro,Campina Grande,loja de calçados,0,"R$1,00 - R$50,00",Já comprou tudo,Ônibus,Não veio de carro,5,4,3,4,5,5,1989,"Até 1 SM (R$788,00)",Feminino,2015-08-11 17:35:29,2015-08-11 17:42:30,fda398daed
d15cd411ec7920308eb7a5a92566befa,Marihana,Maciel Pinheiro,Campina Grande,n,0,Não comprou,No meio,Moto,Carona ida e volta,5,5,3,1,5,1,1972,"2 SM (R$1.576,00)",Feminino,2015-08-11 17:36:26,2015-08-11 17:39:36,6968440ddc
c644954463f29dd411b5cd6340b26fb7,Marihana,Maciel Pinheiro,Campina Grande,tim,1,Não comprou,Não está comprando,A pé,Não veio de carro,4,5,5,3,5,3,1993,"Até 1 SM (R$788,00)",Masculino,2015-08-11 17:39:50,2015-08-11 17:41:24,6968440ddc
08fc29dea845eae611fc265ded764ed3,Marihana,Maciel Pinheiro,Campina Grande,marisa,0,Não comprou,No meio,Ônibus,Não veio de carro,2,5,5,1,1,1,1997,Não quis informar,Masculino,2015-08-11 17:41:34,2015-08-11 17:43:02,6968440ddc
36ed5dba48daa31e27fa8809ce9921d2,Marihana,Maciel Pinheiro,Campina Grande,n,0,Não comprou,No meio,Ônibus,Não veio de carro,3,3,2,4,3,4,1997,Não quis informar,Feminino,2015-08-11 17:43:10,2015-08-11 17:44:29,6968440ddc
86ccd2c70c75d627c2070fbb9fd54a91,Marihana,Maciel Pinheiro,Bahia,n,,Não comprou,Não está comprando,A pé,Não veio de carro,5,3,1,5,5,5,1987,"3 a 5 SM (R$2.365,00 - R$3.940,00)",Masculino,2015-08-11 17:44:40,2015-08-11 17:46:43,6968440ddc
2087b931ff0c050096a862c2ac4452f2,Marihana,Maciel Pinheiro,Campina Grande,n,0,Não comprou,Não está comprando,Carro,Na rua,5,2,1,5,5,5,1984,"2 SM (R$1.576,00)",Masculino,2015-08-11 17:46:52,2015-08-11 17:48:50,6968440ddc
67394843f53c072ada59cc9229bf0086,Marihana,Maciel Pinheiro,Campina Grande,n,0,Não comprou,Não está comprando,A pé,Não veio de carro,5,5,3,5,5,5,1985,Não quis informar,Feminino,2015-08-11 17:48:58,2015-08-11 17:50:39,6968440ddc
b931ab4cbaa3ee2ab2217c046595e257,Marihana,Maciel Pinheiro,Campina Grande,n,0,Não comprou,Não está comprando,Carro,Na rua,5,1,2,5,4,5,1954,"3 a 5 SM (R$2.365,00 - R$3.940,00)",Masculino,2015-08-11 17:50:48,2015-08-11 17:55:15,6968440ddc
3201f002354b66eac924f1facc969e8d,Marihana,Maciel Pinheiro,Juarez,n,0,"R$1,00 - R$50,00",Já comprou tudo,Carro,Carona ida e volta,5,1,1,5,4,5,1990,"Até 1 SM (R$788,00)",Feminino,2015-08-11 17:55:26,2015-08-11 17:58:07,6968440ddc
53cb591e67866a718be9d1923c2cc79b,Beatriz ,Maciel Pinheiro,Massaranduba,Loja de calçados,1,Não comprou,Não está comprando,Ônibus,Não veio de carro,5,5,4,4,1,4,1997,"2 SM (R$1.576,00)",Feminino,2015-08-11 17:56:54,2015-08-11 17:59:19,fda398daed
95f5df799f5d8e1153a20c2f0a134f72,Marihana,Maciel Pinheiro,Campina Grande,casa do salgado,1,Não comprou,Não está comprando,Ônibus,Não veio de carro,5,4,5,5,5,5,1980,"2 SM (R$1.576,00)",Feminino,2015-08-11 17:58:30,2015-08-11 18:00:06,6968440ddc
544177c87024f819cd27083a07a6053d,Marihana,Maciel Pinheiro,esperança,CeA,0,"R$101,00 - R$200,00",Já comprou tudo,Carro,Na rua,3,1,1,5,2,5,1967,"3 a 5 SM (R$2.365,00 - R$3.940,00)",Masculino,2015-08-11 18:00:15,2015-08-11 18:02:34,6968440ddc
3e6693d79d4e8f99d5609ba2c4812a39,Marihana,Maciel Pinheiro,Campina Grande,n,0,Não comprou,Não está comprando,Carro,Na rua,5,3,3,4,4,4,1968,"2 SM (R$1.576,00)",Masculino,2015-08-11 18:02:42,2015-08-11 18:04:36,6968440ddc
b79e5faede2b0d8da5f97ee430de0b5d,Beatriz ,Maciel Pinheiro,Souza ,loja de roupa,1,Não comprou,Não está comprando,Bicicleta,Não veio de carro,5,4,4,5,5,4,1974,"Salário comercial (R$876,00)",Masculino,2015-08-11 18:02:53,2015-08-11 18:12:45,fda398daed
7f53b8fb9cdb6ddff6170d84fc4114d2,Marihana,Maciel Pinheiro,Campina Grande,esplanada,1,Não comprou,Não está comprando,Ônibus,Não veio de carro,5,3,1,5,5,5,1980,"3 SM (R$2.364,00)",Feminino,2015-08-11 18:04:45,2015-08-11 18:06:44,6968440ddc
fcdf730b86cba52854831e9eb3b12891,Marihana,Maciel Pinheiro,Campina Grande,aluisio baby,1,Não comprou,Não está comprando,Carro,Estacionamento privado,5,3,4,5,1,5,1962,"2 SM (R$1.576,00)",Feminino,2015-08-11 18:11:02,2015-08-11 18:13:15,6968440ddc
857a785994dd3e818dc8f780e85ce587,Beatriz ,Maciel Pinheiro,Campina Grande,loja de roupa,1,Não comprou,Não está comprando,Ônibus,Não veio de carro,5,4,3,5,5,5,1996,"Salário comercial (R$876,00)",Masculino,2015-08-11 18:13:23,2015-08-11 18:20:10,fda398daed
dd53c4b258bcb9aa5fe13adea9973ecd,Marihana,Maciel Pinheiro,esperança,zona azul,1,Não comprou,Não está comprando,Ônibus,Não veio de carro,2,3,4,1,1,5,1985,Não quis informar,Masculino,2015-08-11 18:14:27,2015-08-11 18:16:42,6968440ddc
ebfd402cd9c12235edd0dd1768c1a1cc,Marihana,Maciel Pinheiro,areia,casa esporte,0,Não comprou,No meio,Moto,andando,3,1,5,1,1,1,1975,"3 a 5 SM (R$2.365,00 - R$3.940,00)",Masculino,2015-08-11 18:16:59,2015-08-11 18:19:13,6968440ddc
649070d4e5ae8b1f460429c10d98c838,Marihana,Maciel Pinheiro,Campina Grande,n,0,Não comprou,Não está comprando,Ônibus,Não veio de carro,5,4,5,5,5,5,1995,"Até 1 SM (R$788,00)",Feminino,2015-08-11 18:19:25,2015-08-11 18:22:01,6968440ddc
46512c54b1e46383973aef0defcbef4e,Beatriz,Maciel Pinheiro,Campina Grande,"eletro shopping, narciso",0,Não comprou,Nem começou,Carro,Carona apenas ida,5,4,1,4,4,5,1993,"Até 1 SM (R$788,00)",Feminino,2015-08-11 18:20:28,2015-08-11 18:26:35,fda398daed
ea52ed2a777d2eaf24256af9ba588486,Marihana,Maciel Pinheiro,Campina Grande,dental lider,1,Não comprou,Não está comprando,Ônibus,Não veio de carro,5,5,4,1,5,1,1993,"Até 1 SM (R$788,00)",Masculino,2015-08-11 18:22:21,2015-08-11 18:24:32,6968440ddc
b628aedd57ae3b3672c917ae912f95f5,Marihana,Maciel Pinheiro,Campina Grande,tell passo,0,Não comprou,No meio,Carro,Na rua,5,3,5,5,5,5,1989,Não quis informar,Feminino,2015-08-11 18:24:46,2015-08-11 18:27:36,6968440ddc
f664b332ae46050b8aff1736abeddf43,Beatriz,Maciel Pinheiro,Campina Grande,loja de roupas,0,"R$1,00 - R$50,00",Nem começou,Ônibus,Não veio de carro,5,4,1,5,1,4,1990,"Até 1 SM (R$788,00)",Feminino,2015-08-11 18:26:44,2015-08-11 18:31:22,fda398daed
a4568468188038d5895debd3758d0542,Beatriz,Maciel Pinheiro,Campina Grande,mototaxi,1,Não comprou,Não está comprando,Moto,Não veio de carro,5,5,4,4,3,5,1973,"Até 1 SM (R$788,00)",Masculino,2015-08-11 18:32:41,2015-08-11 18:44:32,fda398daed
ff41b847f7f5967f99f0537c32dc8373,Marihana,Maciel Pinheiro,Campina Grande,moto taxi,1,Não comprou,Não está comprando,Mototaxi,é moto taxi,5,5,5,5,1,5,1979,"2 SM (R$1.576,00)",Masculino,2015-08-11 18:39:24,2015-08-11 18:43:24,6968440ddc
69a9e4d156ba22c28f3e0d4518bbe630,Hanna,Venâncio Neiva,Campina Grande,Casa esporte,1,"R$101,00 - R$200,00",Nem começou,Moto,Na rua zona azul,3,2,1,4,3,2,1983,"3 a 5 SM (R$2.365,00 - R$3.940,00)",Masculino,2015-09-03 18:07:25,2015-09-03 18:11:35,46a8d183ce
72cdf6d0896ad4a8adcba8f99438b153,Hanna,Venâncio Neiva,Campina Grande,Feirinha na jp,0,"R$1,00 - R$50,00",Já comprou tudo,A pé,Não veio de carro,5,4,5,5,5,5,1984,"2 SM (R$1.576,00)",Masculino,2015-09-03 18:12:02,2015-09-03 18:17:43,46a8d183ce
eb803f1facb5ff605ef02f4389945414,Marihana,Venâncio Neiva,Campina Grande,zona azul,1,Não comprou,Não está comprando,Ônibus,Não veio de carro,5,5,5,1,5,1,1974,Não quis informar,Masculino,2015-09-03 18:13:37,2015-09-03 18:18:39,5cadc2ae35
8607e8dcaac0dd7b9848d7e1a99de096,bia,Venâncio Neiva,Campina Grande,mototaxi,1,Não comprou,Não está comprando,Moto,Não veio de carro,4,5,1,5,5,5,1968,Não quis informar,Masculino,2015-09-03 18:15:59,2015-09-03 18:19:42,f59a9c01e9
8de56f840883d7eb159e6d56cda5a2a1,Hanna,Venâncio Neiva,Mogeiro,Pharmaface,0,"R$51,00 - R$100,00",No meio,Carro,Carona ida e volta,4,5,5,4,5,5,1964,"2 SM (R$1.576,00)",Feminino,2015-09-03 18:18:33,2015-09-03 18:21:52,46a8d183ce
5a542a3ed420a2e248a7ccb30704702f,Marihana,Venâncio Neiva,Fagundes,gato e sapato,1,Não comprou,Não está comprando,Ônibus,Não veio de carro,5,2,3,3,3,3,1994,Não quis informar,Feminino,2015-09-03 18:19:24,2015-09-03 18:21:28,5cadc2ae35
cac7b2e200ad8c10c1c0baa133c31aee,bia,Venâncio Neiva,Campina Grande,ambulante,1,Não comprou,Não está comprando,A pé,Não veio de carro,5,4,4,5,5,5,1966,"Salário comercial (R$876,00)",Masculino,2015-09-03 18:19:53,2015-09-03 18:24:23,f59a9c01e9
e4a3321f901b8e2482d98beed5af516f,Marihana,Venâncio Neiva,Campina Grande,taxista,1,Não comprou,Não está comprando,Carro,Na rua,3,2,1,1,5,1,1949,"Até 1 SM (R$788,00)",Masculino,2015-09-03 18:21:55,2015-09-03 18:23:35,5cadc2ae35
853b86e4603973aa402c9031bc537cae,Hanna,Venâncio Neiva,Campina Grande,Não,0,Não comprou,Não está comprando,Carro,Na rua zona azul,5,5,5,5,5,5,1978,"2 SM (R$1.576,00)",Masculino,2015-09-03 18:23:09,2015-09-03 18:25:55,46a8d183ce
17ce1ed911686502fc9561062d5aa7e0,Marihana,Venâncio Neiva,cuite,fiteiro biju,1,Não comprou,Não está comprando,A pé,Não veio de carro,5,3,5,5,5,5,1982,"2 SM (R$1.576,00)",Masculino,2015-09-03 18:23:58,2015-09-03 18:26:03,5cadc2ae35
d2f2dc54a9a8f66fc1c9cda7f50128b6,bia,Venâncio Neiva,Campina Grande,ambulante,1,Não comprou,Não está comprando,Carro,Na rua,5,5,4,5,5,5,1996,"Até 1 SM (R$788,00)",Feminino,2015-09-03 18:24:39,2015-09-03 18:28:10,f59a9c01e9
bcad604e20725936cc1a35ad62b79d86,Hanna,Venâncio Neiva,Campina Grande,Americanas armazém pb,0,"R$51,00 - R$100,00",No meio,Carro,Carona apenas ida,3,3,5,5,5,5,1990,"3 SM (R$2.364,00)",Feminino,2015-09-03 18:26:14,2015-09-03 18:29:31,46a8d183ce
50880343c8ad221119a87e78e11a992f,Marihana,Venâncio Neiva,Campina Grande,farmacia,0,Não informou,Já comprou tudo,Carro,Estacionamento privado,4,3,3,5,5,5,1994,"3 SM (R$2.364,00)",Feminino,2015-09-03 18:26:28,2015-09-03 18:29:10,5cadc2ae35
cb051d7e56fe1f78a0b9b8f68a65ee1a,bia,Venâncio Neiva,barra de santa rosa ,medico,0,Não comprou,Não está comprando,alternativo ,Não veio de carro,5,1,1,5,4,5,1961,Não quis informar,Feminino,2015-09-03 18:28:57,2015-09-03 18:34:12,f59a9c01e9
1bf60e8e59c759afb9de3381d1372a78,Marihana,Venâncio Neiva,Campina Grande,otica lux,1,Não comprou,Não está comprando,A pé,Não veio de carro,1,1,1,1,1,1,1956,"2 SM (R$1.576,00)",Masculino,2015-09-03 18:29:27,2015-09-03 18:31:06,5cadc2ae35
91b7bb2c7072cd9b5112bdaad9cdd0b1,Hanna,Venâncio Neiva,Campina Grande,Ainda não,0,Não comprou,Não está comprando,Taxi,Não veio de carro,3,5,5,4,5,4,1976,"3 SM (R$2.364,00)",Feminino,2015-09-03 18:31:26,2015-09-03 18:34:33,46a8d183ce
76f08d01a35e1329e5fbb182f2b446ab,Marihana,Venâncio Neiva,Campina Grande,ambulante,1,Não comprou,Não está comprando,Moto,Na rua zona azul,5,5,5,1,1,1,1965,"2 SM (R$1.576,00)",Masculino,2015-09-03 18:31:36,2015-09-03 18:34:37,5cadc2ae35
25cbf3df10e07e977bc6038b195675c0,bia,Venâncio Neiva,barra de santa rosa ,veio resolver problemas no detran,0,Não comprou,Não está comprando,alternativo,Não veio de carro,5,4,1,5,5,5,1989,"3 SM (R$2.364,00)",Feminino,2015-09-03 18:34:20,2015-09-03 18:41:02,f59a9c01e9
522d961d82f89904793cbcb8ec3c2c85,Marihana,Venâncio Neiva,Campina Grande,ambulante,1,Não comprou,Não está comprando,Carro,carona ida e volta,5,5,5,2,1,1,1985,"Salário comercial (R$876,00)",Feminino,2015-09-03 18:34:52,2015-09-03 18:36:48,5cadc2ae35
44209f6367afc0dbaf1e7203d535bf41,Hanna,Venâncio Neiva,Natal,Shopping da beleza,0,"R$1,00 - R$50,00",Já comprou tudo,Ônibus,Não veio de carro,5,5,5,3,5,5,1988,"3 a 5 SM (R$2.365,00 - R$3.940,00)",Feminino,2015-09-03 18:35:47,2015-09-03 18:39:13,46a8d183ce
8bee2f38579e1fcd81815d15f754164a,Marihana,Venâncio Neiva,Campina Grande,CeA,0,"R$1,00 - R$50,00",Já comprou tudo,Carro,carona ida e volta,4,4,3,5,5,5,1989,"3 SM (R$2.364,00)",Feminino,2015-09-03 18:38:28,2015-09-03 18:40:41,5cadc2ae35
a4400c9d2310167519793f3c9f3a6320,bia,Venâncio Neiva,Campina Grande,casa de artesão ,1,Não comprou,Não está comprando,Moto,Estacionamento privado,5,3,4,5,5,5,1978,"2 SM (R$1.576,00)",Masculino,2015-09-03 18:41:19,2015-09-03 18:50:20,f59a9c01e9
395144621ffc268dcfba9a15de8b7c51,Marihana,Venâncio Neiva,Campina Grande,salao,0,Não informou,Já comprou tudo,Carro,Estacionamento privado,3,3,3,1,5,1,1993,Sem renda,Masculino,2015-09-03 18:45:02,2015-09-03 18:47:08,5cadc2ae35
b8f22b6ea6542f6cd00b1d5f0cc52fd8,Hanna,Venâncio Neiva,Campina Grande,ainda nao,0,Não comprou,Nem começou,Ônibus,Não veio de carro,5,5,5,4,5,5,1995,"5 a 8 SM (R$3.941,00 - R$6.304,00)",Masculino,2015-09-03 18:47:36,2015-09-03 18:50:27,5cadc2ae35
bb4a70a772c36a9cef47ab1ed40d2c96,Hanna,Venâncio Neiva,boqueirao,hering,0,"R$101,00 - R$200,00",Não soube informar,Carro,Estacionamento privado,3,3,5,1,5,1,1991,"5 a 8 SM (R$3.941,00 - R$6.304,00)",Masculino,2015-09-03 18:50:51,2015-09-03 18:54:52,5cadc2ae35
fa7594a999fb66db0bd4361a229d74f3,bia,Venâncio Neiva,Campina Grande,ambulante,1,Não comprou,Não está comprando,Mototaxi,Não veio de carro,5,5,1,5,5,5,1990,"Até 1 SM (R$788,00)",Feminino,2015-09-03 18:52:06,2015-09-03 18:55:12,f59a9c01e9
c3cae0009076b87dfcf828e6e8b1dc70,bia,Venâncio Neiva,sao paulo,nenhuma ainda,0,Não comprou,Nem começou,Carro,Na rua,5,2,1,5,5,4,1961,"Mais de 10 SM (>R$7.880,00)",Masculino,2015-09-03 18:55:19,2015-09-03 18:59:05,f59a9c01e9
c1c62ad3580873b35def8e520bc3bce2,Hanna,Venâncio Neiva,solidade,CeA,0,Não comprou,Não está comprando,Carro,carona carro andando,5,5,4,2,3,2,1986,"Mais de 10 SM (>R$7.880,00)",Feminino,2015-09-03 18:57:58,2015-09-03 19:01:22,5cadc2ae35
a5e2953f5e75055349c256f73e540aa2,bia,Venâncio Neiva,Campina Grande,nenhuma ainda,1,Não comprou,Não está comprando,taxi,Não veio de carro,4,3,5,5,5,5,1993,Não quis informar,Feminino,2015-09-03 18:59:45,2015-09-03 19:04:19,f59a9c01e9
b5e9a0a46a88cb67e0b91df095c77dd5,Hanna,Venâncio Neiva,Campina Grande,farmacia dias,1,"R$201,00 - R$500,00",No meio,Carro,Estacionamento privado,4,4,4,4,4,4,1980,"3 a 5 SM (R$2.365,00 - R$3.940,00)",Feminino,2015-09-03 19:01:42,2015-09-03 19:05:28,5cadc2ae35
07589d65bf544f6af89c4f13735a7009,bia,Venâncio Neiva,Campina Grande,passeando ,0,Não comprou,Não está comprando,Ônibus,Não veio de carro,5,5,2,5,5,5,1937,"2 SM (R$1.576,00)",Masculino,2015-09-03 19:04:27,2015-09-03 19:09:56,f59a9c01e9
0cdfa97445aab1448aacec0e2aa94cba,bia,Venâncio Neiva,Campina Grande,passeando ,1,Não comprou,Não está comprando,Carro,Na rua zona azul,4,5,4,5,5,5,1936,"5 a 8 SM (R$3.941,00 - R$6.304,00)",Masculino,2015-09-03 19:10:03,2015-09-03 19:22:41,f59a9c01e9
097416870a47f5a06f4a515f9c58b9b6,bia,Peregrino de Carvalho,Campina Grande,farmacia,0,"R$101,00 - R$200,00",Já comprou tudo,Ônibus,Não veio de carro,5,5,1,5,5,4,1971,"2 SM (R$1.576,00)",Masculino,2015-09-04 17:42:13,2015-09-04 18:37:56,a239c4567e
1b1b59f1434e7c8f536a446fb577b4f5,Hanna,Peregrino de Carvalho,Rio de janeiro,Luís tecidos farmácia do trabalhador cdm,0,"R$1,00 - R$50,00",Já comprou tudo,Ônibus,Não veio de carro,5,1,1,5,5,3,1968,"Até 1 SM (R$788,00)",Feminino,2015-09-04 18:34:10,2015-09-04 18:37:56,b212e36a90
1b111b023906ef4da833e33e64e2dccf,Marihana,Peregrino de Carvalho,Campina Grande,fiteiro ,1,Não comprou,Não está comprando,Moto,Carona ida e volta,5,1,1,1,5,1,1953,"Até 1 SM (R$788,00)",Feminino,2015-09-04 18:36:49,2015-09-04 18:40:30,e4b92754a7
b9d57891edb44c0c8304882e34ef0414,Hanna,Peregrino de Carvalho,Campina Grande,CEA,0,Não comprou,Nem começou,Ônibus,Não veio de carro,4,4,5,2,4,5,1997,"2 SM (R$1.576,00)",Feminino,2015-09-04 18:38:28,2015-09-04 18:42:21,b212e36a90
37efc42ceee1d16ed4656206b9a2fef0,Marihana,Peregrino de Carvalho,Campina Grande,Emanueli roupa,0,"R$1,00 - R$50,00",Já comprou tudo,Ônibus,Não veio de carro,3,3,1,1,5,1,1961,"Até 1 SM (R$788,00)",Feminino,2015-09-04 18:40:54,2015-09-04 18:45:03,e4b92754a7
125dd625c61274112166d1c48a800368,Hanna,Peregrino de Carvalho,Campina Grande,Banco do brasil,0,Não comprou,Não está comprando,Carro,Na rua zona azul,3,3,5,3,3,5,1995,Sem renda,Feminino,2015-09-04 18:42:45,2015-09-04 18:46:59,b212e36a90
9ee3d1a7acd0cff38cb328f11cab30bc,Hanna,Peregrino de Carvalho,Juazeirinho,Casa do colegial,0,"R$101,00 - R$200,00",No meio,Alternativo,Carona volta,4,3,3,2,4,4,1974,"3 a 5 SM (R$2.365,00 - R$3.940,00)",Feminino,2015-09-04 18:48:12,2015-09-04 18:55:48,b212e36a90
df0c0da1956f77c48e8400f42f7881c2,bia,Peregrino de Carvalho,monteiro,nao estava comprando,0,Não comprou,Não está comprando,Carro,Carona ida e volta,3,3,4,5,3,3,1968,Não quis informar,Feminino,2015-09-04 18:48:31,2015-09-04 18:53:02,a239c4567e
7dad022cb668c3c4fd0f9f3b2b45194a,bia,Peregrino de Carvalho,Campina Grande,loja de eletrônico ,0,"R$51,00 - R$100,00",Já comprou tudo,Carro,Estacionamento privado,4,4,2,4,4,4,1942,Não quis informar,Masculino,2015-09-04 18:53:18,2015-09-04 19:01:48,a239c4567e
9d96691c8574d6e6d7ffb0d9fa9bf661,Hanna,Peregrino de Carvalho,Catolé de boa vista,Ainda não,0,Não comprou,Não está comprando,Alternativo,Não veio de carro,5,5,5,3,5,5,1988,Não quis informar,Feminino,2015-09-04 18:56:06,2015-09-04 19:00:30,b212e36a90
f645c868e5f858c7de1c200b9b83f451,Hanna,Peregrino de Carvalho,Campina Grande,Campina importados,1,"R$1,00 - R$50,00",Já comprou tudo,Ônibus,Não veio de carro,5,5,5,5,5,5,1974,"Até 1 SM (R$788,00)",Feminino,2015-09-04 19:00:49,2015-09-04 19:05:33,b212e36a90
28cfe0898884edb87b963d956826d670,bia,Peregrino de Carvalho,Campina Grande,loja de sapatos,0,"R$51,00 - R$100,00",No meio,Ônibus,Não veio de carro,4,5,4,4,5,2,1963,"Até 1 SM (R$788,00)",Feminino,2015-09-04 19:02:21,2015-09-04 19:05:53,a239c4567e
db6e1d991174a43dcd90614f32df8f8c,Hanna,Peregrino de Carvalho,Boa vista,Não,0,Não comprou,Não está comprando,Alternativo,Não veio de carro,5,5,5,3,5,5,1976,"Até 1 SM (R$788,00)",Masculino,2015-09-04 19:06:31,2015-09-04 19:19:38,b212e36a90
bfc2338d13398fcd41e9d9d79a0f52c4,bia,Peregrino de Carvalho,boa vista ,brasil atacado,0,"R$1,00 - R$50,00",Já comprou tudo,alternativo ,Não veio de carro,5,4,1,5,4,5,1981,"2 SM (R$1.576,00)",Masculino,2015-09-04 19:16:30,2015-09-04 19:20:35,a239c4567e
ca4c7260e6087b0d1917e76d43167e01,Hanna,Peregrino de Carvalho,Campina Grande,Sorverteria. Feirinha de frutas,0,"R$1,00 - R$50,00",Já comprou tudo,Carro,Estacionamento privado,5,5,5,5,5,5,1982,"5 a 8 SM (R$3.941,00 - R$6.304,00)",Feminino,2015-09-04 19:19:55,2015-09-04 19:25:32,b212e36a90
b162d1e176021033e323d350f90c05c5,bia,Peregrino de Carvalho,Campina Grande,salao de beleza,0,"R$1,00 - R$50,00",Já comprou tudo,Carro,Estacionamento privado,5,2,2,5,4,5,1974,Não quis informar,Feminino,2015-09-04 19:21:36,2015-09-04 19:27:06,a239c4567e
653cdbc40c2867d3fa24380c7fc70f0b,Hanna,Peregrino de Carvalho,Jp,Loja esportiva,0,Não comprou,Não está comprando,Ônibus,Não veio de carro,5,4,5,5,5,5,1994,"2 SM (R$1.576,00)",Feminino,2015-09-04 19:25:46,2015-09-04 19:30:08,b212e36a90
dba4ba469d5e1f848f683e7c1adbdad9,bia,Peregrino de Carvalho,Campina Grande,shopping das midias,1,Não comprou,Não está comprando,Ônibus,Não veio de carro,5,4,4,5,5,5,1971,"Até 1 SM (R$788,00)",Masculino,2015-09-04 19:27:21,2015-09-04 19:31:18,a239c4567e
c84db54424e18e5bb235dcb708285d87,Hanna,Peregrino de Carvalho,Areia,Tell passo Aluísio,0,"R$51,00 - R$100,00",Já comprou tudo,Carro,Na rua zona azul,5,5,5,5,5,5,1942,"3 a 5 SM (R$2.365,00 - R$3.940,00)",Feminino,2015-09-04 19:30:52,2015-09-04 19:35:37,b212e36a90
6de55b554a896a4f24d64390b8bc62fc,bia,Peregrino de Carvalho,Campina Grande,pagamentos ,0,Não comprou,Não está comprando,Carro,Carona ida e volta,4,5,1,3,5,5,1970,Não quis informar,Feminino,2015-09-04 19:31:25,2015-09-04 19:35:11,a239c4567e
9590f159749f4f45d6ab852371cc52c1,bia,Peregrino de Carvalho,Campina Grande,palheta,0,Não comprou,Nem começou,Carro,Estacionamento privado,4,4,1,4,4,5,1977,"Até 1 SM (R$788,00)",Feminino,2015-09-04 19:35:20,2015-09-04 19:39:11,a239c4567e
6788cecddf2897d986e513229a3b11b8,Hanna,Peregrino de Carvalho,Rio de janeiro,"Tudo é 10, cea",0,Não comprou,Não está comprando,Ônibus,Não veio de carro,5,3,5,5,5,5,1981,Sem renda,Feminino,2015-09-04 19:37:14,2015-09-04 19:41:16,b212e36a90
0a5197f572266dee49da937be3fd22c5,Marihana,Peregrino de Carvalho,Campina Grande,n,0,Não comprou,Não está comprando,Ônibus,Não veio de carro,5,3,5,5,5,5,1978,"3 SM (R$2.364,00)",Feminino,2015-09-04 19:39:32,2015-09-04 19:41:22,e4b92754a7
fd4cfe4826988216c300d526feac1acb,Hanna,Peregrino de Carvalho,Esperança,Campina importados,0,"R$101,00 - R$200,00",Já comprou tudo,Ônibus,Não veio de carro,5,1,1,5,5,5,1994,"2 SM (R$1.576,00)",Feminino,2015-09-04 19:41:32,2015-09-04 19:48:25,b212e36a90
297af0aa673d764a79466946719d47c9,Hanna,Peregrino de Carvalho,Recife,Le shampoo,0,"R$1,00 - R$50,00",Nem começou,Ônibus,Não veio de carro,5,4,2,3,5,5,1959,"3 SM (R$2.364,00)",Feminino,2015-09-04 19:49:29,2015-09-04 19:53:49,b212e36a90
8b95bd7fa0d0bb380e438ec8a5525625,Marihana,Peregrino de Carvalho,Campina Grande,le shampoo,0,"R$1,00 - R$50,00",No meio,Ônibus,Não veio de carro,3,4,2,4,5,4,1991,"2 SM (R$1.576,00)",Feminino,2015-09-04 19:49:34,2015-09-04 19:52:22,e4b92754a7
dd865b1ad2d5f8c888a56d070bbf3606,Hanna,Peregrino de Carvalho,Campina Grande,Não,1,Não comprou,Não está comprando,Carro,Estacionamento privado,5,5,4,5,5,5,1994,"3 a 5 SM (R$2.365,00 - R$3.940,00)",Masculino,2015-09-04 19:54:29,2015-09-04 19:56:42,b212e36a90
2091dfe97e6ca55804a9f3b48ddf25ea,Hanna,Peregrino de Carvalho,Campina Grande,Não,0,Não comprou,Não está comprando,Carro,Estacionamento privado,5,3,1,5,5,5,1993,"2 SM (R$1.576,00)",Masculino,2015-09-04 19:56:57,2015-09-04 20:00:59,b212e36a90
ecb161c3fcccfe0dc4a5c08e75d88114,Hanna,Peregrino de Carvalho,Campina Grande,Não,1,Não comprou,Não está comprando,Ônibus,Não veio de carro,5,5,5,5,5,5,1991,"3 SM (R$2.364,00)",Feminino,2015-09-04 20:01:33,2015-09-04 20:05:04,b212e36a90
e405778a1273b3d5e0ef73c24c182157,Marihana,Cardoso Vieira,Campina Grande,Tomar café,0,"R$1,00 - R$50,00",Não está comprando,Carro,Na rua zona azul,5,1,1,5,5,5,1945,"5 a 8 SM (R$3.941,00 - R$6.304,00)",Masculino,2015-09-23 17:05:00,2015-09-23 17:07:41,101f0a67ba
c8da451ed6d55795539374637582a6ad,Marihana,Cardoso Vieira,Campina Grande,Café,0,"R$1,00 - R$50,00",Não está comprando,A pé,Não veio de carro,5,2,2,5,5,5,1944,"Mais de 10 SM (>R$7.880,00)",Masculino,2015-09-23 17:08:56,2015-09-23 17:13:23,101f0a67ba
a6953cc47c911c9be861d07621459f01,Marihana,Cardoso Vieira,Campina Grande,Repr cereais,1,Não comprou,Não está comprando,Carro,Carona ida e volta,5,2,2,5,5,5,1945,Não quis informar,Masculino,2015-09-23 17:13:33,2015-09-23 17:18:50,101f0a67ba
589234570e037df963f0421f3f86737b,bia,Cardoso Vieira,lagoa seca,ambulante,1,Não comprou,Não está comprando,Ônibus,Não veio de carro,5,4,2,5,5,4,1994,"Até 1 SM (R$788,00)",Feminino,2015-09-23 17:13:46,2015-09-23 17:20:00,0f62e74e8f
3a23abc0a19af2c80086dd330077e55c,Marihana,Cardoso Vieira,Campina Grande,N,0,Não comprou,Não está comprando,Ônibus,Não veio de carro,5,2,1,5,5,5,1951,"Mais de 10 SM (>R$7.880,00)",Masculino,2015-09-23 17:19:22,2015-09-23 17:27:00,101f0a67ba
98466522bf6d2cd67f02a9eeca9e632b,bia,Cardoso Vieira,Campina Grande,passeando,0,Não comprou,Não está comprando,Ônibus,Não veio de carro,5,4,3,5,5,5,1961,"3 SM (R$2.364,00)",Masculino,2015-09-23 17:20:15,2015-09-23 17:24:11,0f62e74e8f
775f56378739c43dd7bcc87bb157e155,bia,Cardoso Vieira,Campina Grande,passeando,0,Não comprou,Não está comprando,Ônibus,Não veio de carro,4,5,5,5,5,4,1946,Não quis informar,Masculino,2015-09-23 17:24:21,2015-09-23 17:29:01,0f62e74e8f
92c84680dc34764959737bba643c5290,Marihana,Cardoso Vieira,Campina Grande,Bom preço,,Não comprou,No meio,Ônibus,Não veio de carro,5,1,1,5,5,5,1983,"3 a 5 SM (R$2.365,00 - R$3.940,00)",Masculino,2015-09-23 17:27:12,2015-09-23 17:32:07,101f0a67ba
4633ed9277b63f4841cdcefc2abc1afe,bia,Cardoso Vieira,Campina Grande,carrapicho,1,Não comprou,Não está comprando,Ônibus,Não veio de carro,5,4,3,5,5,5,1970,Não quis informar,Feminino,2015-09-23 17:29:10,2015-09-23 17:34:22,0f62e74e8f
1ec89ad7e2db89ddd861aafa3bc92621,Marihana,Cardoso Vieira,Campina Grande,Canopus,0,Não comprou,Não está comprando,Carro,Carona apenas ida,5,3,1,5,5,5,1957,"3 a 5 SM (R$2.365,00 - R$3.940,00)",Masculino,2015-09-23 17:32:37,2015-09-23 17:35:49,101f0a67ba
b53ad42e7b9829aa390a106ca3068f1a,bia,Cardoso Vieira,Campina Grande,ambulante,1,Não comprou,Não está comprando,Ônibus,Não veio de carro,4,4,3,4,5,5,1980,"Até 1 SM (R$788,00)",Feminino,2015-09-23 17:34:36,2015-09-23 17:38:35,0f62e74e8f
8cc3a259a0a75cf1efd2912c544a8d51,Marihana,Cardoso Vieira,Campina Grande,Cartorio,1,Não comprou,Não está comprando,A pé,Não veio de carro,3,3,3,5,5,5,1948,Não quis informar,Masculino,2015-09-23 17:36:08,2015-09-23 17:42:39,101f0a67ba
99ea189674b6fd3f16d09abe85fae563,bia,Cardoso Vieira,alagoa nova,farmácia ,0,Não comprou,Não está comprando,Carro,Na rua zona azul,5,5,5,4,5,5,1990,Não quis informar,Masculino,2015-09-23 17:38:45,2015-09-23 17:41:55,0f62e74e8f
7fc727844006df05bdb601d2a3748ade,Marihana,Cardoso Vieira,Rio de Janeiro,Café ,0,"R$1,00 - R$50,00",Não está comprando,Carro,Na rua zona azul,5,2,2,5,5,5,1953,"2 SM (R$1.576,00)",Masculino,2015-09-23 17:42:52,2015-09-23 17:46:13,101f0a67ba
74f0571b712588ab030cbd0cb1a3d09c,bia,Cardoso Vieira,queimadas,loja de calçados,0,"R$51,00 - R$100,00",No meio,Alternativo,Não veio de carro,5,4,1,4,5,5,1976,"Até 1 SM (R$788,00)",Feminino,2015-09-23 17:44:03,2015-09-23 17:48:28,0f62e74e8f
30d32e58dbf3fe151758497810391869,Marihana,Cardoso Vieira,Campina Grande,N,0,Não comprou,Não está comprando,Ônibus,Não veio de carro,5,2,1,5,5,5,1933,Não quis informar,Masculino,2015-09-23 17:47:36,2015-09-23 17:52:04,101f0a67ba
d560bdcb606c20b76fc4018d20f57720,bia,Cardoso Vieira,Campina Grande,trabalhando ,1,Não comprou,Não está comprando,Moto,Não veio de carro,5,5,4,5,5,4,1985,"3 a 5 SM (R$2.365,00 - R$3.940,00)",Masculino,2015-09-23 17:48:36,2015-09-23 17:52:39,0f62e74e8f
f0a0cb1f80f2047b672f99d1add0b9b1,Marihana,Cardoso Vieira,Lagoa de Roça,Mega burg,1,Não comprou,Não está comprando,Moto,Estacionamento privado,5,4,5,5,5,5,1980,"Até 1 SM (R$788,00)",Masculino,2015-09-23 17:52:15,2015-09-23 17:57:56,101f0a67ba
d6144814a4930ba53453f274b322647a,bia,Cardoso Vieira,Campina Grande,relojoeiro ,0,Não comprou,Não está comprando,Ônibus,Não veio de carro,4,4,2,5,5,4,1953,"2 SM (R$1.576,00)",Feminino,2015-09-23 17:52:46,2015-09-23 17:59:36,0f62e74e8f
51f971a06cce65381379e2001ce93f26,Marihana,Cardoso Vieira,Campina Grande,N,0,Não comprou,Não está comprando,Ônibus,Não veio de carro,5,1,1,5,5,5,1956,Não quis informar,Masculino,2015-09-23 17:58:54,2015-09-23 18:01:20,101f0a67ba
7119ad750650835e41e0a6c5cb38271e,bia,Cardoso Vieira,Campina Grande,paraíso dos alumínios ,0,"R$1,00 - R$50,00",No meio,Carro,Carona ida e volta,5,4,5,5,5,5,1991,"2 SM (R$1.576,00)",Feminino,2015-09-23 17:59:59,2015-09-23 18:04:18,0f62e74e8f
1c7c737fc5050603aba50b85a60b8fbd,Marihana,Semeao,Campina Grande,Ipanema,0,"R$101,00 - R$200,00",Já comprou tudo,Carro,Estacionamento privado,5,3,2,5,5,5,1997,"2 SM (R$1.576,00)",Feminino,2015-09-23 18:17:34,2015-09-23 18:28:59,101f0a67ba
013acaa1a3570096becec97497abe3b9,bia,semeao leal,Campina Grande,ambulante,1,Não comprou,Não está comprando,Ônibus,Não veio de carro,5,4,3,4,5,4,1995,Não quis informar,Feminino,2015-09-23 18:19:52,2015-09-23 18:25:44,0f62e74e8f
b047986a2bf94bcb3e71805565eb2498,bia,semeao leal,Campina Grande,passeando,0,Não comprou,Não está comprando,A pé,Não veio de carro,4,5,2,5,1,4,1969,Sem renda,Feminino,2015-09-23 18:25:55,2015-09-23 18:29:16,0f62e74e8f
baa755a7b8162c13d135f1a7d8adb337,Marihana,Semeao,Boqueirao,Ipanema,0,"R$101,00 - R$200,00",Já comprou tudo,Carro,Estacionamento privado,5,2,2,5,5,5,1966,"2 SM (R$1.576,00)",Feminino,2015-09-23 18:29:10,2015-09-23 18:30:31,101f0a67ba
861723f3deae8ace010c2114d4e48bb4,bia,semeao leal,Campina Grande,Narciso ,0,Não informou,Já comprou tudo,alternativo,Não veio de carro,4,2,1,4,5,4,1956,Não quis informar,Feminino,2015-09-23 18:29:50,2015-09-23 18:34:00,0f62e74e8f
f08431759e7d2452d2cfdb8779ceb18f,Marihana,Semeao,Campina Grande,Zona azul,1,Não comprou,Não está comprando,Carro,Carona ida e volta,3,5,5,5,5,5,1979,Não quis informar,Feminino,2015-09-23 18:30:49,2015-09-23 18:35:13,101f0a67ba
6112d126e93276b11285e94cdbbfa708,Marihana,Semeao,Campina Grande,Atacadao d bb,0,Não comprou,No meio,Ônibus,Não veio de carro,5,4,1,5,5,5,1974,"Até 1 SM (R$788,00)",Feminino,2015-09-23 18:40:43,2015-09-23 18:41:50,101f0a67ba
e53c33812577cd1cb9faf567a68123b1,Marihana,Semeao,Campina Grande,Atacadao do bb,0,Não comprou,No meio,Ônibus,Não veio de carro,5,2,1,5,5,5,1997,Não quis informar,Feminino,2015-09-23 18:43:27,2015-09-23 18:45:34,101f0a67ba
6928c2059c897918223fcef9f763f7fd,Marihana,Semeao,Imperatriz,Posto de saude,0,Não comprou,Não está comprando,Carro,Estacionamento privado,3,3,3,5,5,5,1974,"3 a 5 SM (R$2.365,00 - R$3.940,00)",Feminino,2015-09-23 18:46:03,2015-09-23 18:49:18,101f0a67ba
4a86ce117f832b4c670266d362946e0e,Marihana,Semeao,Recife,Castanha,1,Não comprou,Não está comprando,Coletivo,Carona ida e volta,5,4,5,5,5,5,1973,"Até 1 SM (R$788,00)",Masculino,2015-09-23 18:49:57,2015-09-23 18:53:06,101f0a67ba
f25d06d1df40b00fce9b3ffb2cae7789,Marihana,Semeao,Campina Grande,Rutra,0,Não comprou,No meio,Carro,Na rua,5,2,1,5,5,5,1990,"5 a 8 SM (R$3.941,00 - R$6.304,00)",Masculino,2015-09-23 18:55:00,2015-09-23 18:59:31,101f0a67ba
28be5f2265ff1ac9ef71302a8421f628,bia,semeao leal,Campina Grande,lukinha,1,Não comprou,Não está comprando,A pé,Não veio de carro,4,4,4,4,5,5,1967,"2 SM (R$1.576,00)",Masculino,2015-09-23 18:58:47,2015-09-23 19:02:55,0f62e74e8f
18cbfb9efc030567641bed0cf156904f,Marihana,Semeao,Campina Grande,Oficina da moda,0,"R$51,00 - R$100,00",No meio,Carro,Estacionamento privado,3,3,3,5,5,5,1997,"2 SM (R$1.576,00)",Feminino,2015-09-23 19:00:02,2015-09-23 19:02:12,101f0a67ba
d3ca48705faf008f93c74d39e4457b88,Marihana,M sales,Campina Grande,N,0,Não comprou,Não está comprando,Carro,Estacionamento privado,5,1,1,5,5,5,1959,"3 a 5 SM (R$2.365,00 - R$3.940,00)",Feminino,2015-09-23 19:06:54,2015-09-23 19:08:53,101f0a67ba
756178d1ed5842f7255d44677e4eb560,bia,m sales,Campina Grande,ambulantes,1,Não comprou,Não está comprando,Ônibus,Não veio de carro,5,3,1,2,2,4,1925,"Até 1 SM (R$788,00)",Masculino,2015-09-23 19:07:06,2015-09-23 19:10:47,0f62e74e8f
4bde5cb98a6eb0947b8385bea7d9d2cd,Marihana,M sales,Campina Grande,Bambino,1,Não comprou,Não está comprando,Moto,Carona apenas ida,5,4,3,5,4,5,1992,"2 SM (R$1.576,00)",Feminino,2015-09-23 19:09:08,2015-09-23 19:11:05,101f0a67ba
c4ee2a37f01c927e46c8a6e735fab7b0,bia,m sales,rio de janeiro,otica,1,Não comprou,Não está comprando,Moto,Na rua zona azul,3,3,4,5,5,4,1961,"5 a 8 SM (R$3.941,00 - R$6.304,00)",Masculino,2015-09-23 19:10:54,2015-09-23 19:15:54,0f62e74e8f
7ceaa2d5d60c9ebd2bd5b49ba628a793,Marihana,M sales,Serra  redonda,Aluisio fashion ,0,"R$51,00 - R$100,00",No meio,Ônibus,Não veio de carro,3,3,1,5,5,5,1986,"3 SM (R$2.364,00)",Feminino,2015-09-23 19:11:17,2015-09-23 19:13:30,101f0a67ba
6afac6ba2e7971b8a3da8999184dee14,Marihana,M sales,Campina Grande,Rafaella otica,1,Não comprou,Não está comprando,Carro,Estacionamento privado,3,4,5,5,5,5,1989,"3 a 5 SM (R$2.365,00 - R$3.940,00)",Masculino,2015-09-23 19:13:52,2015-09-23 19:17:22,101f0a67ba
587cf5520eeb19b1e07ee6a1224d4dea,bia,m sales,Campina Grande,passear,0,Não comprou,Não está comprando,Moto,Estacionamento privado,5,4,1,5,5,5,1997,"2 SM (R$1.576,00)",Masculino,2015-09-23 19:16:02,2015-09-23 19:18:58,0f62e74e8f
4509e6659271dfb76fce0f8c8a206cc1,bia,m sales,remijo ,americanas ,0,"R$1,00 - R$50,00",Já comprou tudo,Ônibus,Não veio de carro,4,4,4,5,5,4,1958,Não quis informar,Feminino,2015-09-23 19:19:09,2015-09-23 19:23:43,0f62e74e8f
e6a3706487546986d247b53b8ae1970c,Marihana,M sales,Campina Grande,N,0,Não comprou,Não está comprando,Carro,Na rua,5,3,5,5,5,5,1973,Não quis informar,Masculino,2015-09-23 19:22:24,2015-09-23 19:25:12,101f0a67ba
7d87b22bdb94c8785812d5e940fe8177,Marihana,M sales,Campina Grande,N,0,Não comprou,Não está comprando,Carro,Na rua,5,3,1,5,5,5,1982,"8 a 10 SM (R$6.305,00 - R$7.880,00)",Masculino,2015-09-23 19:25:25,2015-09-23 19:28:56,101f0a67ba
b8e112c02bfb8e5c85ca83167343423f,Marihana,Manoel,Campina Grande,Carimbos ,1,Não comprou,Não está comprando,Moto,Estacionamento privado,5,3,1,5,5,5,1982,Não quis informar,Feminino,2015-09-23 19:43:57,2015-09-23 19:47:13,101f0a67ba
2460bdd6abf40bec9bdae35f2f142b6a,Marihana,Manoel,Campina Grande,CeA,0,"R$101,00 - R$200,00",Já comprou tudo,A pé,Não veio de carro,5,3,1,5,5,5,1980,"Até 1 SM (R$788,00)",Feminino,2015-09-23 19:47:38,2015-09-23 19:49:06,101f0a67ba
32e7a04db58596a0313d7b42c28f8855,Marihana,Manoel,Lagoa seca,N,0,Não comprou,Não está comprando,Ônibus,Não veio de carro,5,2,2,5,5,5,1993,Não quis informar,Feminino,2015-09-23 19:49:22,2015-09-23 19:51:36,101f0a67ba
ac11ec20ad412fe7680b9c9829c90f18,Marihana,Manoel,Lagoa seca,N,0,Não comprou,Não está comprando,Ônibus,Não veio de carro,5,3,1,3,5,5,1994,"2 SM (R$1.576,00)",Feminino,2015-09-23 19:51:47,2015-09-23 19:53:52,101f0a67ba
f62091df335b4ec4f5074e59584d7ab7,Marihana,Manoel,Campina Grande,Esplanada,1,Não comprou,Não está comprando,Ônibus,Não veio de carro,5,3,3,5,5,5,1981,"Salário comercial (R$876,00)",Feminino,2015-09-23 19:54:13,2015-09-23 19:55:56,101f0a67ba
bf76728c52bdd4d66f0b7058d3d75092,Marihana,Peregrino de Carvalho,Campina Grande,Farmácia,0,"R$101,00 - R$200,00",Já comprou tudo,Ônibus,Não veio de carro,5,5,3,3,5,5,1986,"2 SM (R$1.576,00)",Feminino,2015-09-30 18:24:47,2015-09-30 18:25:54,92138b791e
5195f8b4a7f991e6ca6f1435475da8dc,Marihana,Peregrino de Carvalho,Campina Grande,Feira,0,Não comprou,Nem começou,A pé,Não veio de carro,5,2,2,4,5,3,1973,"Salário comercial (R$876,00)",Feminino,2015-09-30 18:26:41,2015-09-30 18:28:22,92138b791e
a27bb828a7a9b4dc7ea4eb484ab1b694,Marihana,Peregrino de Carvalho,Lagoa Seca,Feira,0,Não comprou,Nem começou,Carro,Alternativo,5,3,4,5,5,5,1965,"Até 1 SM (R$788,00)",Feminino,2015-09-30 18:32:47,2015-09-30 18:34:22,6b16ff0a71
95af16b64be3571dedd6d8c19e489432,Marihana,Peregrino de Carvalho,Campina Grande,Feira,0,"R$1,00 - R$50,00",No meio,Ônibus,Não veio de carro,4,1,1,4,5,5,1967,"Salário comercial (R$876,00)",Masculino,2015-09-30 18:35:11,2015-09-30 18:36:24,6b16ff0a71
2cdd0f9d0e71eaf4e1bd91d976584bae,Marihana,Peregrino de Carvalho,Campina Grande,Feira,1,Não comprou,Não está comprando,Moto,Na rua,5,4,4,5,5,5,1963,"2 SM (R$1.576,00)",Masculino,2015-09-30 18:40:18,2015-09-30 18:41:46,6b16ff0a71
51f5c3bfffe9e0de87778001dd13786d,Marihana,Peregrino de Carvalho,Campina Grande,N,0,Não comprou,Nem começou,Ônibus,Não veio de carro,4,3,3,5,5,4,1991,Não quis informar,Feminino,2015-09-30 18:45:26,2015-09-30 18:46:34,6b16ff0a71
10357f2a8c0d682ebd2cb75e89f1f7e2,Marihana,Peregrino de Carvalho,Campina Grande,Palleta,0,"R$51,00 - R$100,00",Já comprou tudo,Carro,Na rua zona azul,3,5,5,5,5,5,1974,"5 a 8 SM (R$3.941,00 - R$6.304,00)",Feminino,2015-09-30 18:46:52,2015-09-30 18:49:51,6b16ff0a71
c79c1279a6663e9d6558f27d78e32b97,Marihana,Peregrino de Carvalho,Campina Grande,Shopp da beleza,0,"R$51,00 - R$100,00",Já comprou tudo,Carro,Na rua zona azul,4,3,4,5,5,5,1986,"3 SM (R$2.364,00)",Feminino,2015-09-30 18:53:39,2015-09-30 18:54:58,6b16ff0a71
741978a56ab987f82557392f4c4b1d12,Marihana,Peregrino de Carvalho,Esperança,N,0,Não comprou,No meio,Carro,Alternativo,3,3,3,3,5,5,1976,Não quis informar,Masculino,2015-09-30 19:01:05,2015-09-30 19:02:34,6b16ff0a71
e221242b2bf575f9f49e51c6617a8c3d,Marihana,Peregrino de Carvalho,Campina Grande,Le shampoo ,0,"R$101,00 - R$200,00",Já comprou tudo,Carro,Carona ida e volta,5,3,4,5,5,5,1986,"3 a 5 SM (R$2.365,00 - R$3.940,00)",Feminino,2015-09-30 19:23:43,2015-09-30 19:27:07,8d77f346cc
ff706a94f8a0695dcb7319aef2d1273e,Bea,Marquês do Herval,sousa,,0,"R$1,00 - R$50,00",Já comprou tudo,Ônibus,Não veio de carro,3,3,2,5,5,3,1980,"Até 1 SM (R$788,00)",Feminino,2015-10-30 17:14:27,2015-10-30 17:54:46,3383132e76
251ccc673160fff428c956ddb4c7e36f,Fernanda,Marquês do Herval,Campina Grande,rua,0,Não comprou,Não está comprando,A pé,Não veio de carro,3,3,3,5,3,5,1993,Não quis informar,Feminino,2015-10-30 17:18:16,2015-10-30 17:58:56,3383132e76
818be3cbc991ae901088851f14653f76,Hanna,Marquês do Herval,Campina Grande,Ainda nao,0,Não comprou,Nem começou,Carro,Na rua zona azul,5,5,5,5,5,4,1993,"Mais de 10 SM (>R$7.880,00)",Feminino,2015-10-30 17:50:06,2015-10-30 17:54:37,332d8f76b6
ebdef8bf5eb6e40b02f52807d1acbf6c,Bea,Marquês do Herval,galante,,0,"R$1,00 - R$50,00",Já comprou tudo,A pé,Não veio de carro,4,4,5,5,5,3,1990,"2 SM (R$1.576,00)",Masculino,2015-10-30 17:57:11,2015-10-30 17:59:44,bf15872b0c
968f1368603f5f0810ba334aa427bf3c,Hanna,Marquês do Herval,Campina Grande,Colombo,0,"R$51,00 - R$100,00",No meio,Ônibus,Não veio de carro,5,3,1,5,5,5,1994,"Salário comercial (R$876,00)",Masculino,2015-10-30 17:57:29,2015-10-30 18:02:09,332d8f76b6
382e1ca186178db14dce48f3b6bbbae3,Fernanda,Marquês do Herval,Campina Grande,rua,0,Não comprou,Nem começou,Moto,Na rua,3,5,5,4,3,4,1971,"Salário comercial (R$876,00)",Feminino,2015-10-30 17:59:17,2015-10-30 18:03:19,cdb668f74b
58cf940acbdb7ddfb388871584fd4ad7,Hanna,Marquês do Herval,Serra talhada,Casa do colegial,0,"R$51,00 - R$100,00",No meio,Carro,Na rua,5,2,5,5,5,5,1988,"5 a 8 SM (R$3.941,00 - R$6.304,00)",Masculino,2015-10-30 18:02:28,2015-10-30 18:07:05,332d8f76b6
f56187ad87686fdaefc4f3e069ec6968,Fernanda,Marquês do Herval,Campina Grande,nao,0,Não comprou,Não está comprando,A pé,Não veio de carro,5,3,1,5,1,5,1964,Não quis informar,Feminino,2015-10-30 18:03:25,2015-10-30 18:07:21,cdb668f74b
0c5484a1e95594c68dcdf90211073827,Fernanda,Marquês do Herval,Campina Grande,nao,0,Não comprou,Não está comprando,A pé,Não veio de carro,5,3,3,5,5,5,1952,"3 SM (R$2.364,00)",Masculino,2015-10-30 18:07:29,2015-10-30 18:12:23,cdb668f74b
a5ed1a771927522493bba795d71e6897,Hanna,Marquês do Herval,Campina Grande,Bombom love,1,"R$1,00 - R$50,00",Já comprou tudo,Carro,Estacionamento privado,5,3,5,5,5,5,1991,"5 a 8 SM (R$3.941,00 - R$6.304,00)",Feminino,2015-10-30 18:08:59,2015-10-30 18:11:59,332d8f76b6
0a5d90977e863c11d8c0b996cbed0acc,Bea,Marquês do Herval,Campina Grande,nasisa baby,1,"R$201,00 - R$500,00",No meio,Carro,Carona apenas ida,5,5,5,5,5,5,1981,"Até 1 SM (R$788,00)",Feminino,2015-10-30 18:10:22,2015-10-30 18:13:14,bf15872b0c
4a807d70b9741cc8a0f1b7f00b367b2c,Hanna,Marquês do Herval,Campina Grande,Pague menos,1,"R$101,00 - R$200,00",No meio,Carro,Estacionamento privado,5,5,5,5,5,5,1976,"3 a 5 SM (R$2.365,00 - R$3.940,00)",Feminino,2015-10-30 18:12:11,2015-10-30 18:15:02,332d8f76b6
1f9a8a7846c5f574fb7162630bddc765,Fernanda,Marquês do Herval,Campina Grande,banco,0,Não comprou,Não está comprando,Carro,Na rua,5,1,5,5,5,5,1941,Não quis informar,Feminino,2015-10-30 18:12:29,2015-10-30 18:14:48,cdb668f74b
027f2bbcef97a859dbfab1f63582b311,Bea,Marquês do Herval,Campina Grande,papelaria rocha,0,"R$1,00 - R$50,00",Já comprou tudo,Moto,Não veio de carro,5,5,1,5,5,5,1957,"Até 1 SM (R$788,00)",Feminino,2015-10-30 18:13:47,2015-10-30 18:16:56,bf15872b0c
c4aaf2660c5025ea3e6774128f6ffa6e,Fernanda,Marquês do Herval,Campina Grande,camelo joao pessoa,1,Não comprou,Não está comprando,Moto,Estacionamento privado,5,5,5,5,5,5,1994,"2 SM (R$1.576,00)",Masculino,2015-10-30 18:14:55,2015-10-30 18:18:50,cdb668f74b
7b31bbb3ec2af559f43d0adddf07d5ce,Hanna,Marquês do Herval,Campina Grande,Ainda nao,0,Não comprou,Nem começou,Ônibus,Não veio de carro,5,5,5,4,5,5,1995,"3 a 5 SM (R$2.365,00 - R$3.940,00)",Feminino,2015-10-30 18:15:09,2015-10-30 18:18:04,332d8f76b6
f5f2665c4014a07502a17ab215ad871b,Bea,Marquês do Herval,areia,farmácia,0,Não comprou,Não está comprando,Carro,Carona apenas ida,4,3,2,2,2,2,1955,"Até 1 SM (R$788,00)",Feminino,2015-10-30 18:17:46,2015-10-30 18:20:46,bf15872b0c
6665a60c5896915a09e0a91cf9fe605d,Hanna,Marquês do Herval,Campina Grande,Palheta,1,"R$51,00 - R$100,00",No meio,A pé,Não veio de carro,5,5,3,5,5,5,1974,"3 SM (R$2.364,00)",Masculino,2015-10-30 18:20:38,2015-10-30 18:25:00,332d8f76b6
1126567505eeb4acc07480cf332eb969,Hanna,Marquês do Herval,Campina Grande,Bijout,0,"R$51,00 - R$100,00",No meio,Carro,Carona apenas ida,5,4,4,5,5,5,1994,"5 a 8 SM (R$3.941,00 - R$6.304,00)",Feminino,2015-10-30 18:25:18,2015-10-30 18:29:01,332d8f76b6
fef2bae54915c24df7b226830079fa8e,Fernanda,Marquês do Herval,frei martinho,casa do colegial,0,Não comprou,No meio,A pé,Não veio de carro,5,3,5,5,5,5,1990,"5 a 8 SM (R$3.941,00 - R$6.304,00)",Feminino,2015-10-30 18:25:52,2015-10-30 18:37:45,cdb668f74b
ba598ef0f00050fc9fae348e530ee291,Fernanda,Marquês do Herval,lapao bahia,casa do colegial,0,Não comprou,No meio,A pé,Não veio de carro,5,3,4,5,5,5,1990,Não quis informar,Masculino,2015-10-30 18:37:59,2015-10-30 18:40:19,cdb668f74b
1c00ff95f20e6bedc5d1564d82680f0a,Hanna,Marquês do Herval,Campina Grande,Ainda não,0,Não comprou,Nem começou,Ônibus,Não veio de carro,5,5,4,3,5,5,1977,"2 SM (R$1.576,00)",Feminino,2015-10-30 18:40:28,2015-10-30 18:49:09,332d8f76b6
e5ce582e95ba20feaa333272543fedae,Fernanda,Irineu Joffily,Campina Grande,taxista,0,Não comprou,Não está comprando,Carro,ponto de taxi,5,5,5,3,3,5,1953,"5 a 8 SM (R$3.941,00 - R$6.304,00)",Masculino,2015-10-30 18:40:32,2015-10-30 19:09:08,cdb668f74b
b492297204fa44b14d72f246c44e2b80,Hanna,Cardoso Vieira,Rio de janeiro,Cea,0,Não comprou,Não está comprando,Carro,Na rua zona azul,5,5,5,3,5,5,1966,"3 a 5 SM (R$2.365,00 - R$3.940,00)",Feminino,2015-12-11 18:54:54,2015-12-11 19:05:35,6db6bdd8a8
122d13c4acf8a0d91e81df535b244d0e,Maria Clara,Cardoso Vieira,Campina Grande,Nao,0,Não comprou,Nem começou,Carro,Na rua,5,3,3,5,5,5,1990,"3 a 5 SM (R$2.365,00 - R$3.940,00)",Feminino,2015-12-11 18:55:11,2015-12-11 19:05:03,8616a6d529
31e51cc2bd525b73975798fd6306801e,bia,Cardoso Vieira,Campina Grande,c&a,0,"R$51,00 - R$100,00",Já comprou tudo,Carro,Estacionamento privado,5,4,1,5,5,4,1974,Sem renda,Feminino,2015-12-11 19:00:00,2015-12-11 19:05:19,aa463a9ae4
99721de3776bdd05ae1e9d29819328f4,bia,Cardoso Vieira,Campina Grande,rutra,0,Não informou,No meio,Carro,Na rua zona azul,4,1,1,5,5,4,1961,"5 a 8 SM (R$3.941,00 - R$6.304,00)",Feminino,2015-12-11 19:05:26,2015-12-11 19:10:00,aa463a9ae4
6eec97223e916e2b8702600af6429df1,Hanna,Cardoso Vieira,Campina Grande,Nao,1,"R$201,00 - R$500,00",Nem começou,Alternativo,Não veio de carro,4,5,1,5,5,5,1981,"Até 1 SM (R$788,00)",Feminino,2015-12-11 19:05:47,2015-12-11 19:10:42,6db6bdd8a8
9a232ca4cf43043f706637eb57b5fe4c,Maria clara,Cardoso Vieira,Campina Grande,Nao,1,Não comprou,Não está comprando,Ônibus,Não veio de carro,5,3,4,5,5,5,1976,"2 SM (R$1.576,00)",Feminino,2015-12-11 19:07:02,2015-12-11 19:11:35,8616a6d529
55a0e03a636b8acf7c49c585033fc82b,Bruna P,Venâncio Neiva,Campina Grande,N,0,Não comprou,Nem começou,Carro,Na rua zona azul,5,4,5,5,5,5,1993,"3 a 5 SM (R$2.365,00 - R$3.940,00)",Feminino,2015-12-11 19:07:56,2015-12-11 19:09:23,f7c2a7ca12
bdc43f92af8e4eea301c87f3f5c05e4d,Bruna P,Venâncio Neiva,Campina Grande,N,1,"R$1,00 - R$50,00",No meio,Carro,Na rua zona azul,4,3,3,3,4,4,1960,Não quis informar,Masculino,2015-12-11 19:09:37,2015-12-11 19:15:09,f7c2a7ca12
24339ba14e6e60d787d0d80a3903403b,bia,Cardoso Vieira,Campina Grande,n,1,Não comprou,Não está comprando,A pé,Não veio de carro,5,3,4,5,5,5,1969,Não quis informar,Masculino,2015-12-11 19:10:10,2015-12-11 19:13:10,aa463a9ae4
49f1e946bda78559e5ee06b78fb70186,Marihana,Cardoso Vieira,Campina Grande,Sobrancelha,0,"R$1,00 - R$50,00",Não está comprando,Ônibus,Não veio de carro,5,3,5,5,5,5,1986,"Até 1 SM (R$788,00)",Feminino,2015-12-11 19:10:58,2015-12-11 19:13:55,6db6bdd8a8
2ec3bd38db7ea418506aa574117c0538,Maria clara,Cardoso Vieira,Campina Grande,Nao,1,Não comprou,Não está comprando,Moto,Na rua,5,3,5,5,5,5,1975,"3 a 5 SM (R$2.365,00 - R$3.940,00)",Masculino,2015-12-11 19:12:28,2015-12-11 19:15:53,8616a6d529
0295696439a2342b603b3d88fed817e0,Bia ,Cardoso Vieira,rio grande do norte,n,1,Não comprou,Não está comprando,Carro,Na rua zona azul,5,5,5,5,5,5,1957,"2 SM (R$1.576,00)",Masculino,2015-12-11 19:13:54,2015-12-11 19:17:38,aa463a9ae4
158e91bc75219313581ce1a3d28d45b6,Marihana,Cardoso Vieira,Campina Grande,C&A,0,Não comprou,Não está comprando,Moto,Na rua zona azul,5,4,5,5,5,5,1970,"Até 1 SM (R$788,00)",Masculino,2015-12-11 19:14:13,2015-12-11 19:16:31,6db6bdd8a8
4463fc9c991d25108dc6d0dfd97946f1,Bruna P,Venâncio Neiva,Campina Grande,Óticas rocha,1,Não comprou,Não está comprando,Moto,Na rua zona azul,5,5,5,4,5,5,1987,"2 SM (R$1.576,00)",Feminino,2015-12-11 19:15:44,2015-12-11 19:22:47,f7c2a7ca12
7110d72d26225bc544f34a5f778cf5e6,Maria Clara,Cardoso Vieira,Campina Grande,Farmácia ,0,"R$1,00 - R$50,00",No meio,Ônibus,Não veio de carro,5,1,1,5,5,5,1960,"Até 1 SM (R$788,00)",Feminino,2015-12-11 19:16:20,2015-12-11 19:19:58,8616a6d529
2f8014e3b801230ded8696094e3296ad,Marihana,Cardoso Vieira,Alagoa nova,N,0,Não comprou,Não está comprando,Ônibus,Não veio de carro,3,4,5,5,4,3,1995,"Até 1 SM (R$788,00)",Feminino,2015-12-11 19:16:43,2015-12-11 19:20:49,6db6bdd8a8
9616e0f13290b9adffdfda926169d58c,bia,Cardoso Vieira,Campina Grande,narciso,0,"R$51,00 - R$100,00",Já comprou tudo,Ônibus,Não veio de carro,5,2,1,5,4,5,1994,Não quis informar,Feminino,2015-12-11 19:17:52,2015-12-11 19:21:09,aa463a9ae4
de1e0dc5bd28f687dcbc7a8885cb04d1,Maria Clara,Cardoso Vieira,Campina Grande,Sim,0,"R$1,00 - R$50,00",Já comprou tudo,A pé,Não veio de carro,4,3,2,5,2,5,1955,"Até 1 SM (R$788,00)",Masculino,2015-12-11 19:20:19,2015-12-11 19:24:05,8616a6d529
47046567bbc9c69cd0ed69619a3e64af,bia,Cardoso Vieira,Campina Grande,n,1,Não comprou,Não está comprando,Carro,Na rua zona azul,5,5,5,4,5,5,1972,"3 a 5 SM (R$2.365,00 - R$3.940,00)",Masculino,2015-12-11 19:21:16,2015-12-11 19:25:26,aa463a9ae4
3b58af172396a15039a232274d5b072d,Bruna P,Venâncio Neiva,Campina Grande,N,0,Não comprou,Nem começou,Carro,Na rua zona azul,3,3,4,5,5,5,1987,"2 SM (R$1.576,00)",Feminino,2015-12-11 19:23:42,2015-12-11 19:28:57,f7c2a7ca12
29d2787c9501aaa183dcc442b12e71c8,Maria Clara,Cardoso Vieira,Campina Grande,Não ,0,Não comprou,Nem começou,Ônibus,Não veio de carro,5,3,3,5,4,4,1957,"Até 1 SM (R$788,00)",Feminino,2015-12-11 19:24:31,2015-12-11 19:29:32,8616a6d529
5cf346130ecbdf24b52db011a53538a1,bia,Cardoso Vieira,rio grande do morte,n,1,Não comprou,Não está comprando,Carro,Na rua zona azul,4,4,5,5,5,5,1955,"3 a 5 SM (R$2.365,00 - R$3.940,00)",Masculino,2015-12-11 19:25:33,2015-12-11 19:28:17,aa463a9ae4
fcfaeac6884e54915ac162807b3ccc23,Hanna,Cardoso Vieira,Sao mamede,N,0,"R$1,00 - R$50,00",Já comprou tudo,Ônibus,Não veio de carro,5,5,5,5,5,5,1994,"Até 1 SM (R$788,00)",Masculino,2015-12-11 19:25:35,2015-12-11 19:29:34,6db6bdd8a8
26e1f96adce4fbb5ab60e747087dc8b8,bia,Cardoso Vieira,Brasilía ,n,1,Não comprou,Não está comprando,Moto,Não veio de carro,5,5,2,5,5,5,1994,"Salário comercial (R$876,00)",Masculino,2015-12-11 19:28:24,2015-12-11 19:31:06,aa463a9ae4
399c3445f8962e746fd3a43c75e55c02,Bruna P,Cardoso Vieira,Campina Grande,N,0,Não comprou,Nem começou,A pé,Não veio de carro,5,5,5,5,5,5,1981,"3 a 5 SM (R$2.365,00 - R$3.940,00)",Masculino,2015-12-11 19:29:08,2015-12-11 19:34:27,f7c2a7ca12
5bf9748995183798ea5b38d500742076,Hanna,Cardoso Vieira,Campina Grande,Esplanada,0,"R$1,00 - R$50,00",No meio,Moto,Estacionamento privado,4,5,5,5,3,5,1994,"Salário comercial (R$876,00)",Masculino,2015-12-11 19:29:48,2015-12-11 19:33:57,6db6bdd8a8
5bdb24f0daca9e791f424f43a94c48fa,Maria clara,Cardoso Vieira,Campina Grande,Nao,0,Não comprou,Já comprou tudo,Ônibus,Não veio de carro,5,5,5,3,5,5,1994,"Salário comercial (R$876,00)",Masculino,2015-12-11 19:30:19,2015-12-11 19:33:54,8616a6d529
de377663b5e030c46602f5b4413cc404,bia,Venâncio Neiva,sao Vicente sirido,thiago calçados,0,Não informou,Nem começou,Carro,Carona ida e volta,5,4,1,5,4,5,1973,"Até 1 SM (R$788,00)",Feminino,2015-12-11 19:31:35,2015-12-11 19:39:23,aa463a9ae4
63310c3766398eb2ce11be62c50db9fe,Marihana,Mons Sales,Campina Grande,Farmacia,0,Não comprou,No meio,Carro,Na rua,5,5,5,3,3,5,1988,"3 a 5 SM (R$2.365,00 - R$3.940,00)",Masculino,2015-12-11 19:34:18,2015-12-11 19:41:12,6db6bdd8a8
bee953a9a9ab212b92cd509e54c2027d,Bruna P,Monsenhor Sales,Campina Grande,N,0,"R$51,00 - R$100,00",No meio,A pé,Não veio de carro,5,1,1,5,5,5,1966,"3 SM (R$2.364,00)",Masculino,2015-12-11 19:34:48,2015-12-11 19:42:08,f7c2a7ca12
dab0c8fedcac1f3ebda9a906648d5bd6,Maria Clara,Monsenhor Sales,Campina Grande,Sim,0,"R$1,00 - R$50,00",No meio,Carro,Estacionamento privado,5,4,4,5,4,5,1989,"8 a 10 SM (R$6.305,00 - R$7.880,00)",Feminino,2015-12-11 19:38:11,2015-12-11 19:42:15,8616a6d529
64a53382c7d113a947ea233672077fb9,bia,Venâncio Neiva,Campina Grande,brasil cacau,0,"R$1,00 - R$50,00",No meio,Carro,Carona apenas ida,5,2,1,4,5,5,1959,"3 a 5 SM (R$2.365,00 - R$3.940,00)",Feminino,2015-12-11 19:39:52,2015-12-11 19:43:47,aa463a9ae4
adedd801ff47c8b6b281e9161bef3e78,Marihana,Mons. Sales,Catole do rocha,Fiteiro,1,Não comprou,Não está comprando,Ônibus,Não veio de carro,5,3,4,4,5,5,1925,Não quis informar,Masculino,2015-12-11 19:41:28,2015-12-11 19:47:29,6db6bdd8a8
32f441961611d1e03e6cc6f0df4ad48b,Bruna P,Monsenhor Sales,Campina Grande,N,0,Não comprou,Nem começou,Moto,Estacionamento privado,5,3,3,5,5,4,1979,"2 SM (R$1.576,00)",Feminino,2015-12-11 19:43:03,2015-12-11 19:48:22,f7c2a7ca12
62bc4202f8702db1444c960f58698694,Maria Clara,Monsenhor Sales,Campina Grande,Nao,0,Não comprou,Nem começou,Carro,Carona apenas ida,5,3,3,5,5,5,1990,"3 a 5 SM (R$2.365,00 - R$3.940,00)",Feminino,2015-12-11 19:43:15,2015-12-11 19:51:35,8616a6d529
698878da2bc559b50371c47321472d80,bia,Venâncio Neiva,Campina Grande,luiz tecidos,0,Não comprou,Nem começou,Ônibus,Não veio de carro,5,1,1,5,5,5,1937,"2 SM (R$1.576,00)",Feminino,2015-12-11 19:44:06,2015-12-11 19:47:01,aa463a9ae4
adb9e59a05ce9327df8630a1eff31ba5,bia,Venâncio Neiva,Campina Grande,cosmético ,0,Não comprou,Nem começou,Ônibus,Não veio de carro,5,4,1,4,5,5,1994,Não quis informar,Feminino,2015-12-11 19:47:30,2015-12-11 19:50:31,aa463a9ae4
dc735320b8931bca69b85d4e7d06e3c0,Marihana,Mons Sales,Campina Grande,Redepharma,1,Não comprou,Não está comprando,Moto,Na rua zona azul,5,4,1,3,5,5,1966,"3 SM (R$2.364,00)",Masculino,2015-12-11 19:48:09,2015-12-11 19:56:05,6db6bdd8a8
4e87a78fbbfb32a0e919774cc99fa303,Bruna P,Monsenhor Sales,Campina Grande,N,1,"R$1,00 - R$50,00",No meio,Carro,Na rua,5,1,5,5,5,5,1969,"5 a 8 SM (R$3.941,00 - R$6.304,00)",Feminino,2015-12-11 19:48:33,2015-12-11 19:57:51,f7c2a7ca12
9bf71d064596f6508be016b44f8e057e,bia,Venâncio Neiva,Campina Grande,n,0,Não comprou,Não está comprando,A pé,Não veio de carro,4,2,1,4,5,5,1963,"3 SM (R$2.364,00)",Feminino,2015-12-11 19:50:43,2015-12-11 19:53:52,aa463a9ae4
9bbce5214458d7c1c4936bb93fc77542,Maria Clara,Monsenhor Sales,Campina Grande,Nao,0,Não comprou,Não está comprando,Moto,Na rua,2,1,1,1,5,5,1982,"2 SM (R$1.576,00)",Masculino,2015-12-11 19:54:25,2015-12-11 19:57:50,8616a6d529
1214584116cebbfbee5f9a2f83c0622d,Marihana,Mons sales,Campina Grande,N,0,Não comprou,Não está comprando,Moto,Na rua zona azul,5,5,5,5,5,5,1967,"3 a 5 SM (R$2.365,00 - R$3.940,00)",Masculino,2015-12-11 19:56:21,2015-12-11 19:59:03,6db6bdd8a8
087f2c07e8df54950f141ccf52f5baf9,Bruna P,Manoel Cavalcante,Campina Grande,Loja do japonês,1,"R$101,00 - R$200,00",No meio,Ônibus,Não veio de carro,5,1,1,3,5,5,1990,Não quis informar,Feminino,2015-12-11 19:58:30,2015-12-11 20:16:57,f7c2a7ca12
354d3ac9c8572324b33f0c77edd03696,Marihana,Mons sales,Campina Grande,Central da biju,0,"R$101,00 - R$200,00",Já comprou tudo,Carro,Na rua zona azul,5,1,5,5,5,5,1973,"3 a 5 SM (R$2.365,00 - R$3.940,00)",Feminino,2015-12-11 20:00:40,2015-12-11 20:03:22,6db6bdd8a8
096154e3c07572a16d3dd01a366f0e12,Maria clara,Monsenhor Sales,Campina Grande,Não ,0,Não comprou,Não está comprando,Carro,Na rua zona azul,3,1,5,2,2,3,1968,"8 a 10 SM (R$6.305,00 - R$7.880,00)",Masculino,2015-12-11 20:00:59,2015-12-11 20:05:04,8616a6d529
bd5396a238d75240edac080c67a71d67,bia,Venâncio Neiva,Campina Grande,nn,0,Não comprou,Não está comprando,Ônibus,Não veio de carro,5,5,4,5,5,5,1954,Não quis informar,Feminino,2015-12-11 20:02:19,2015-12-11 20:05:13,aa463a9ae4
a216b8b1b703fc3f4212b7f9a7a46011,bia,Venâncio Neiva,Campina Grande,n,0,Não comprou,Não está comprando,Ônibus,Não veio de carro,5,4,1,5,5,5,1982,Sem renda,Feminino,2015-12-11 20:05:22,2015-12-11 20:08:22,aa463a9ae4
140b41191c0e4a3d35e5fa37bbe299b3,Marihana,Manoel cavalcanti,Pocinhos,Tiago calcados,0,"R$51,00 - R$100,00",Já comprou tudo,Carro,Na rua zona azul,5,4,4,4,5,5,1965,"5 a 8 SM (R$3.941,00 - R$6.304,00)",Feminino,2015-12-11 20:05:24,2015-12-11 20:13:11,6db6bdd8a8
0a5fd0db59d5dd170bdf6a0dca72fc08,Bruna Pontes,Peregrino de Carvalho,Campina Grande,N,1,Não comprou,Não está comprando,Moto,Na rua zona azul,5,3,5,1,5,5,1982,"Até 1 SM (R$788,00)",Masculino,2015-12-14 18:51:24,2015-12-14 18:57:06,50b5f29429
58f453d22f4c73984fa8bac7690d2adf,Marihana,Peregrino de Carvalho,Patos,N,1,Não comprou,Não está comprando,Carro,Na rua zona azul,5,5,5,4,5,5,1991,"3 a 5 SM (R$2.365,00 - R$3.940,00)",Masculino,2015-12-14 18:52:38,2015-12-14 18:55:17,4556c847f7
6789f84a6eaf7ff1cb9092a779b922ad,Carol,Peregrino de Carvalho,Campina Grande,C&a ,0,Não comprou,Nem começou,Carro,Carona apenas ida,5,5,5,5,5,5,1982,"2 SM (R$1.576,00)",Feminino,2015-12-14 18:52:46,2015-12-14 18:59:23,0fc986cd04
13f353b4b8cc465fa9069de792c32dd3,bia,Peregrino de Carvalho,Campina Grande,luiz tecidos,0,Não comprou,Nem começou,Ônibus,Não veio de carro,3,2,4,4,5,4,1941,Não quis informar,Feminino,2015-12-14 18:52:51,2015-12-14 18:57:19,d230fa20b1
41f443be5b693fe63074d4403e61ca81,Marihana,Peregrino de Carvalho,Conceicao,Vidracaria,0,Não comprou,Já comprou tudo,Carro,Estacionamento privado,5,5,5,3,3,5,1961,"Mais de 10 SM (>R$7.880,00)",Feminino,2015-12-14 18:55:26,2015-12-14 19:00:41,4556c847f7
92c72565084081c4228e76a2fe222e6d,Bruna Pontes,Peregrino de Carvalho,Campina Grande,N,0,Não comprou,Não está comprando,Carro,Na rua zona azul,5,2,2,5,5,5,1992,"2 SM (R$1.576,00)",Feminino,2015-12-14 18:57:16,2015-12-14 19:00:12,50b5f29429
887410637d792dba47d5537ac81a0f80,bia,Peregrino de Carvalho,Campina Grande,cdl,0,"R$101,00 - R$200,00",No meio,Carro,Estacionamento privado,5,3,1,5,5,5,1959,"Até 1 SM (R$788,00)",Feminino,2015-12-14 18:57:34,2015-12-14 19:01:50,d230fa20b1
eed14b5071d630f8c64785bd3a989529,Carol,Peregrino de Carvalho,Esperança ,Jet Set,1,Não comprou,Não está comprando,Ônibus,Não veio de carro,5,5,5,3,5,3,1986,"Salário comercial (R$876,00)",Masculino,2015-12-14 18:59:56,2015-12-14 19:04:35,0fc986cd04
c8f8205b83ecd140bf5b43c14beee337,Bruna Pontes,Peregrino de Carvalho,Campina Grande,Sim,0,"R$101,00 - R$200,00",No meio,Ônibus,Não veio de carro,5,5,5,5,5,3,1989,"Salário comercial (R$876,00)",Masculino,2015-12-14 19:00:20,2015-12-14 19:04:15,50b5f29429
5e61b7b9b9d228c51e7c0e96c3c4982f,Marihana,Peregrino de Carvalho,Campina Grande,N,1,Não comprou,No meio,Ônibus,Não veio de carro,4,3,1,5,5,4,1993,"3 a 5 SM (R$2.365,00 - R$3.940,00)",Feminino,2015-12-14 19:00:45,2015-12-14 19:04:16,4556c847f7
58058a2bfed43ac1c2efc2f13e8bb861,bia,Peregrino de Carvalho,Campina Grande,n,0,Não comprou,Não está comprando,Carro,Estacionamento privado,5,3,1,5,5,5,1990,"Até 1 SM (R$788,00)",Masculino,2015-12-14 19:01:56,2015-12-14 19:03:50,d230fa20b1
b3230cbf2a26fa8c5a0ee56ff3b55dde,bia,Peregrino de Carvalho,Campina Grande,todas,0,"R$1,00 - R$50,00",Já comprou tudo,Carro,Estacionamento privado,5,3,1,5,5,5,1958,"Até 1 SM (R$788,00)",Masculino,2015-12-14 19:03:58,2015-12-14 19:08:58,d230fa20b1
654867bf2c41566ace7185e215121cba,Bruna Pontee,Peregrino de Carvalho,Souza,A hora do rango,1,"R$1,00 - R$50,00",Já comprou tudo,Ônibus,Não veio de carro,4,2,1,3,5,5,1952,"3 SM (R$2.364,00)",Feminino,2015-12-14 19:04:21,2015-12-14 19:28:30,50b5f29429
bd4cd6db5ae57d0f6cc1bb757b9b3cda,Marihana,Peregrino de Carvalho,Sao paulo ,Banco,1,Não comprou,Não está comprando,Carro,Na rua,4,2,5,5,5,5,1982,"3 a 5 SM (R$2.365,00 - R$3.940,00)",Feminino,2015-12-14 19:04:28,2015-12-14 19:25:38,4556c847f7
f2bd3f4f22e1b9660f9244026055d5da,Carol,Peregrino de Carvalho,Campina Grande,C&a ,0,"R$101,00 - R$200,00",No meio,Carro,Na rua zona azul,5,3,5,5,5,5,1978,"3 SM (R$2.364,00)",Masculino,2015-12-14 19:04:49,2015-12-14 19:26:26,0fc986cd04
cc1098d85afc775e575198b59f10a0a4,bia,Peregrino de Carvalho,Pernambuco ,n,0,Não comprou,Não está comprando,Carro,Estacionamento privado,4,3,3,5,4,5,1972,"3 SM (R$2.364,00)",Feminino,2015-12-14 19:11:41,2015-12-14 19:17:10,d230fa20b1
01087694faa5be17ae48aa5df4505997,bia,Peregrino de Carvalho,Pernambuco ,nn,0,Não comprou,Não está comprando,Carro,Estacionamento privado,5,4,2,4,5,5,1946,"3 a 5 SM (R$2.365,00 - R$3.940,00)",Feminino,2015-12-14 19:17:23,2015-12-14 19:21:11,d230fa20b1
73daa86492d5ff11d5650fd9c606fd84,bia,Peregrino de Carvalho,Campina Grande,todas ,0,"R$1,00 - R$50,00",No meio,Carro,Carona ida e volta,5,5,5,5,5,5,1965,Não quis informar,Feminino,2015-12-14 19:21:32,2015-12-14 19:26:17,d230fa20b1
451f4cdd353bd57805b7ccb56958f72a,Hanna,Peregrino de Carvalho,Galante,Nao,1,Não comprou,Não está comprando,Ônibus,Não veio de carro,5,4,3,5,5,3,1991,"Salário comercial (R$876,00)",Feminino,2015-12-14 19:26:19,2015-12-14 19:31:53,4556c847f7
2cc0ab12fa75564c1520c6d5861242e6,bia,Peregrino de Carvalho,João pessoa,nn,0,Não comprou,Não está comprando,Carro,Estacionamento privado,5,4,5,5,5,5,1973,"Mais de 10 SM (>R$7.880,00)",Masculino,2015-12-14 19:26:24,2015-12-14 19:30:09,d230fa20b1
52491ee90006f3e79d0e34b7fb920429,Carol,Peregrino de Carvalho,Campina Grande,Não ,1,Não comprou,Não está comprando,Ônibus,Não veio de carro,3,3,1,5,5,5,1987,"Até 1 SM (R$788,00)",Masculino,2015-12-14 19:27:29,2015-12-14 19:30:24,3eaf58a935
8cda2a73ac2abe3cd9a47afb448acdd3,bia ,manoel cavalcante,Campina Grande,paloma tecidos,0,"R$201,00 - R$500,00",Já comprou tudo,Ônibus,Não veio de carro,5,1,2,4,5,5,1988,"3 a 5 SM (R$2.365,00 - R$3.940,00)",Feminino,2015-12-14 19:30:19,2015-12-14 19:49:29,d230fa20b1
0236a61181cfdff94bce4014e5bb4dd6,Hanna,Peregrino de Carvalho,Campina Grande,Casa de couros,0,"R$1,00 - R$50,00",No meio,Ônibus,Não veio de carro,5,5,1,5,5,5,1957,Não quis informar,Feminino,2015-12-14 19:32:00,2015-12-14 19:38:43,4556c847f7
70b01b0f83683b1952739bbb75874986,Hanna,Manoel cavalcante belo,Jp,Nao,1,Não comprou,Não está comprando,Carro,Na rua zona azul,4,3,1,5,5,5,1981,"2 SM (R$1.576,00)",Masculino,2015-12-14 19:38:51,2015-12-14 19:51:30,4556c847f7
47d41f11d3880ef87930f34bc57dcf74,Carol,Manoel Cavalcante Belo,Campina Grande,Marisa,1,Não comprou,Nem começou,A pé,Não veio de carro,5,1,1,5,5,5,1993,"2 SM (R$1.576,00)",Masculino,2015-12-14 19:46:18,2015-12-14 19:49:19,83f32f2795
d39a9203d655d7d935e388a89b629f90,Carol,Venâncio Neiva,Campina Grande,Não ,1,Não comprou,Não está comprando,Carro,Na rua zona azul,5,3,4,3,5,3,1981,"Até 1 SM (R$788,00)",Feminino,2015-12-14 19:51:22,2015-12-14 19:56:50,83f32f2795
b0203ced85af13ccc29a71b7fb4e41e3,Hanna,Venâncio Neiva,Caturite,Aluisio calcados plast fest,0,"R$1,00 - R$50,00",No meio,Ônibus,Não veio de carro,5,3,1,4,5,5,1997,"Até 1 SM (R$788,00)",Feminino,2015-12-14 19:54:48,2015-12-14 19:58:29,4556c847f7
860ef7544e8d7df5ee9761a62627863a,Hanna,Semeao leal,Campina Grande,Chipper,1,"R$1,00 - R$50,00",Não está comprando,A pé,Não veio de carro,5,3,2,2,5,5,1993,"2 SM (R$1.576,00)",Masculino,2015-12-14 19:58:50,2015-12-14 20:05:32,4556c847f7
c2d957a81f143dd2c4ab2a93e53b6c19,Carol,Semeão Leal,Campina Grande,Nao,1,Não comprou,Não está comprando,Caminhão ,Setor de carga e descarga,3,5,5,5,5,5,1975,"Salário comercial (R$876,00)",Masculino,2015-12-14 19:59:40,2015-12-14 20:03:48,83f32f2795
02cc45b9c6975fa456347b26de90003d,Carol,Venâncio Neiva,Campina Grande,Importado ,1,"R$1,00 - R$50,00",Já comprou tudo,Moto,Na rua zona azul,5,5,5,5,5,5,1994,"Salário comercial (R$876,00)",Feminino,2015-12-14 20:04:41,2015-12-14 20:07:58,83f32f2795
702fbaf11045a7a30b9de5682d82f93e,Hanna,Semeao leal,Campina Grande,Nao,1,"R$1,00 - R$50,00",No meio,Ônibus,Não veio de carro,4,3,1,4,5,4,1997,"Salário comercial (R$876,00)",Masculino,2015-12-14 20:05:55,2015-12-14 20:09:34,4556c847f7
2c7b80cd94ec8c9155ed2b8e1f3d9924,bia,semeao leal,Campina Grande,nn,1,Não comprou,Não está comprando,Moto,Estacionamento privado,5,4,5,5,5,5,1981,"2 SM (R$1.576,00)",Feminino,2015-12-16 18:41:23,2015-12-16 18:45:03,73e0edb768
2cd3640a755369cd1cc703bd9105a2de,Hanna,Semeao leal,Campina Grande,Ótica iris,0,"R$51,00 - R$100,00",Já comprou tudo,Ônibus,Não veio de carro,5,3,2,5,5,5,1950,"3 a 5 SM (R$2.365,00 - R$3.940,00)",Masculino,2015-12-16 18:41:38,2015-12-16 18:48:21,37f58b59b1
758ef8f4cafd9de1517e5ee418f6fe2f,bia,semeao leal,Campina Grande,nn,1,Não comprou,Não está comprando,A pé,Não veio de carro,5,5,1,3,4,5,1964,"Até 1 SM (R$788,00)",Masculino,2015-12-16 18:45:11,2015-12-16 18:49:04,21e2f28874
84e70c137261e8fa45ff918370a90f58,Hanna,Semeai leal,Serra redonda,Cea,0,"R$101,00 - R$200,00",No meio,Ônibus,Não veio de carro,5,5,5,5,5,5,1993,"Até 1 SM (R$788,00)",Feminino,2015-12-16 18:48:49,2015-12-16 18:52:23,37f58b59b1
ce5d6fc35242f2a1650247fe915225e1,bia ,semeao leal,lagoa de roça,n,1,Não comprou,Não está comprando,Ônibus,Não veio de carro,4,2,2,3,4,5,1994,"Até 1 SM (R$788,00)",Feminino,2015-12-16 18:49:17,2015-12-16 18:52:34,73e0edb768
e9e7d47cfbb5fd6ed765031c7a1f426b,Hanna,Semeado leal,Campina Grande,Espaço verde,0,"R$1,00 - R$50,00",No meio,Carro,Carona apenas ida,5,3,2,5,5,5,1963,"Até 1 SM (R$788,00)",Feminino,2015-12-16 18:52:37,2015-12-16 18:57:43,37f58b59b1
a38abdff1e946907c8ea962161bceb84,bia,semeao leal,Aroeiras ,farmacia,0,"R$101,00 - R$200,00",Já comprou tudo,Carro,Na rua zona azul,5,5,5,5,5,5,1963,"3 SM (R$2.364,00)",Masculino,2015-12-16 18:52:42,2015-12-16 18:55:59,73e0edb768
c379d7eebc8242992007c36aa85517be,bia,semeao leal,Campina Grande,nn,1,Não comprou,Não está comprando,Carro,Na rua zona azul,5,5,5,4,5,5,1974,"2 SM (R$1.576,00)",Masculino,2015-12-16 18:56:12,2015-12-16 19:02:11,73e0edb768
9b42b86f78ccd3a07016d39b0db6cd90,Hanna,Semeado leal,Campina Grande,Center joias,1,"R$1,00 - R$50,00",Já comprou tudo,Ônibus,Não veio de carro,4,4,5,1,1,4,1993,"2 SM (R$1.576,00)",Masculino,2015-12-16 18:57:56,2015-12-16 19:01:56,37f58b59b1
05d6a7c6b3c365e7200418bbeda60ba6,Hanna,Semeao leal,Campina Grande,Denilo bijuterias ,0,"R$51,00 - R$100,00",Já comprou tudo,Moto,Na rua,5,5,3,5,5,5,1984,"3 a 5 SM (R$2.365,00 - R$3.940,00)",Feminino,2015-12-16 19:02:18,2015-12-16 19:06:59,37f58b59b1
dd01744765e04db20f3f8478844e2c07,bia,bia,Campina Grande,todas,0,Não comprou,Nem começou,Ônibus,Não veio de carro,4,5,1,1,3,5,1997,Não quis informar,Feminino,2015-12-16 19:02:35,2015-12-16 19:06:53,73e0edb768
2d4cde78f4bcb2fad8e6cc0fc1b8e2d4,bia,semeao leal,lago seca,nn,1,Não comprou,Não está comprando,Ônibus,Não veio de carro,5,5,5,5,5,5,1990,Não quis informar,Feminino,2015-12-16 19:07:01,2015-12-16 19:09:31,73e0edb768
8dab7d496caea5267ea8901392f9ef13,Hanna,Semeão leal,Campina Grande,Lojas do colegial,1,"R$1,00 - R$50,00",No meio,Moto,Carona apenas ida,5,3,5,5,1,5,1983,"3 SM (R$2.364,00)",Feminino,2015-12-16 19:07:09,2015-12-16 19:11:31,37f58b59b1
b97c96e54e148f456c18a75ad2ee2d04,bia,semeai leal,Campina Grande,nn,0,Não comprou,Não está comprando,Ônibus,Não veio de carro,5,5,3,5,3,5,1974,"2 SM (R$1.576,00)",Feminino,2015-12-16 19:09:44,2015-12-16 19:13:04,73e0edb768
fc39cbc9f980cc4db25adf4c93901ce2,bia,semeao leal,Campina Grande,nn,0,Não comprou,Não está comprando,alternativo,Não veio de carro,5,3,5,5,1,5,1974,"Até 1 SM (R$788,00)",Feminino,2015-12-16 19:13:49,2015-12-16 19:18:31,73e0edb768
af0bd5ce5e9c050c0b6751ce55412aa9,Hanna,Semeao leal,Campina Grande,Vila rica,0,"R$101,00 - R$200,00",Já comprou tudo,Carro,Na rua zona azul,4,3,5,5,5,5,1990,Não quis informar,Feminino,2015-12-16 19:17:00,2015-12-16 19:20:49,37f58b59b1
befe10f2876a05845523b84b8888574c,bia,semeai leal,Campina Grande,aviamentos ,0,Não comprou,Nem começou,Carro,Carona ida e volta,5,5,5,5,5,5,1973,"3 a 5 SM (R$2.365,00 - R$3.940,00)",Feminino,2015-12-16 19:18:38,2015-12-16 19:22:27,73e0edb768
81bec4ca5c2b49b850676cd30425426e,Hanna,Semeao leal,Campina Grande,N,1,Não comprou,Não está comprando,Carro,Estacionamento privado,4,4,4,5,4,4,1974,"3 SM (R$2.364,00)",Masculino,2015-12-16 19:21:02,2015-12-16 19:25:35,37f58b59b1
ed24fb6442b4c2966d0b2fd866c9024b,bia,eufrosino,Campina Grande,nn,0,Não comprou,Não está comprando,Carro,Carona ida e volta,5,1,5,5,5,5,1979,"2 SM (R$1.576,00)",Feminino,2015-12-16 19:22:36,2015-12-16 19:31:49,73e0edb768
1c025c7671db73f2bb6491b81e0384c6,Hanna,Eufrosino,Campina Grande,Micanga,0,"R$1,00 - R$50,00",No meio,Ônibus,Não veio de carro,5,1,1,4,4,5,1962,"Até 1 SM (R$788,00)",Feminino,2015-12-16 19:25:59,2015-12-16 19:33:39,37f58b59b1
00dd9f21119d96883a4f288d460ec018,bia,eufrosino,Campina Grande,nn,1,Não comprou,Não está comprando,Carro,Estacionamento privado,5,1,1,5,1,5,1968,Não quis informar,Feminino,2015-12-16 19:31:55,2015-12-16 19:35:03,73e0edb768
05b7755d916f96ebc6d6dbe1ca0a6215,Hanna,Eufrosino ,São José da mata,N,1,Não comprou,Não está comprando,Ônibus,Não veio de carro,4,1,1,5,4,3,1978,"Até 1 SM (R$788,00)",Feminino,2015-12-16 19:33:51,2015-12-16 19:37:44,37f58b59b1
d8befe9c7c1bf621823b28f2affa654a,bia,eufrosino,Campina Grande,n,0,Não comprou,Não está comprando,Ônibus,Não veio de carro,5,1,1,5,5,5,1956,"3 a 5 SM (R$2.365,00 - R$3.940,00)",Feminino,2015-12-16 19:35:12,2015-12-16 19:37:58,73e0edb768
6cd4bcc9d443fc6612fc12407586b69a,Hanna,Eufrosino ,Campina Grande,N,0,Não comprou,Não está comprando,A pé,Não veio de carro,5,4,4,5,5,5,1978,"Até 1 SM (R$788,00)",Feminino,2015-12-16 19:37:51,2015-12-16 19:42:29,37f58b59b1
463395c2780559db48b210eee30463f3,bia,eufrosino,Campina Grande,n,1,Não comprou,Não está comprando,Carro,Na rua,5,1,1,5,3,5,1974,"2 SM (R$1.576,00)",Masculino,2015-12-16 19:38:06,2015-12-16 19:41:51,73e0edb768
1ca1bc83a781ac2485dc46e2bbb07eee,bia,eufrosino,Campina Grande,n,1,Não comprou,Não está comprando,alternativo,Não veio de carro,5,1,1,5,1,5,1992,Não quis informar,Feminino,2015-12-16 19:41:59,2015-12-16 19:44:54,73e0edb768
6cca1b11ad687aa318d75771e127a2b5,Hanna,Eufrosino ,Campina Grande,Amarelia,0,"R$101,00 - R$200,00",Já comprou tudo,Ônibus,Não veio de carro,5,1,1,5,4,5,1943,"2 SM (R$1.576,00)",Feminino,2015-12-16 19:43:06,2015-12-16 19:50:27,37f58b59b1
7c375d43ec52db23d0e00607624d1604,Hanna,Eufrosino ,Campina Grande,Marisa,0,"R$201,00 - R$500,00",Já comprou tudo,Carro,Carona apenas ida,5,1,1,5,5,5,1962,"2 SM (R$1.576,00)",Feminino,2015-12-16 19:51:39,2015-12-16 19:56:20,37f58b59b1
5b63ca65a6bf6a4079259ef20f5f5368,Hanna,Eufrosino ,Campina Grande,Farmácia ,0,"R$1,00 - R$50,00",Já comprou tudo,Ônibus,Não veio de carro,5,1,1,5,5,5,1956,Não quis informar,Feminino,2015-12-16 19:56:33,2015-12-16 20:00:59,37f58b59b1
91335d70e1411657e7880b0bb383dfec,Hanna,Marquês do Herval,Campina Grande,Eca maluketii,0,Não comprou,Nem começou,Moto,Carona apenas ida,5,5,4,5,5,5,1971,"Até 1 SM (R$788,00)",Feminino,2015-12-23 18:37:12,2015-12-23 19:01:49,16408b5998
234e27535bb4a3b0c83aed74e71e0dbe,Aída,Marquês do Herval,Puxinana,,1,Não comprou,Não está comprando,Ônibus,Não veio de carro,5,3,1,3,5,5,1986,"3 SM (R$2.364,00)",Masculino,2015-12-23 18:44:09,2015-12-23 19:00:06,16408b5998
a53942615c1b9a9f4cb9dfdd85d78e0b,Rodolfo,Marquês do Herval,Campina Grande,Cea,0,"R$201,00 - R$500,00",Já comprou tudo,Carro,Carona ida e volta,5,4,3,4,5,5,1989,"3 SM (R$2.364,00)",Feminino,2015-12-23 18:58:06,2015-12-23 19:03:32,69f5571262
af1fe1f3665cebd0efe71d48f5111591,Aída,Marquês do Herval,Campina Grande,Marisa,0,"R$101,00 - R$200,00",Já comprou tudo,Carro,Carona ida e volta,3,3,2,2,3,5,1995,Sem renda,Feminino,2015-12-23 19:00:21,2015-12-23 19:03:35,b1446c2600
4b8049048c9e1db79a2df8571333cdf0,Hanna,Marquês do Herval,Campina Grande,Colombo,0,"R$101,00 - R$200,00",Já comprou tudo,Ônibus,Não veio de carro,5,4,5,5,5,5,1973,"2 SM (R$1.576,00)",Masculino,2015-12-23 19:02:20,2015-12-23 19:05:43,4c9decca0f
052b16692ea20bf42418884b0839ee96,Rodolfo,Marquês do Herval,Campina Grande,Lá em casa,0,">R$500,00",No meio,Carro,Estacionamento privado,4,5,5,3,5,5,1994,Sem renda,Masculino,2015-12-23 19:04:14,2015-12-23 19:09:31,69f5571262
6a9d874733ed31e304e41c8c37fb0501,Aída,Marquês do Herval,Campina Grande,,0,Não comprou,Não está comprando,Ônibus,Não veio de carro,5,5,5,5,3,5,1994,"Até 1 SM (R$788,00)",Masculino,2015-12-23 19:05:22,2015-12-23 19:08:29,b1446c2600
494d5f7d93e338908fcd1f43b301debc,Hanna,Marquês do Herval,Campina Grande,Casas bahia,1,">R$500,00",Já comprou tudo,Carro,Estacionamento privado,5,3,1,5,5,5,1964,"5 a 8 SM (R$3.941,00 - R$6.304,00)",Feminino,2015-12-23 19:05:51,2015-12-23 19:10:28,4c9decca0f
5b98f8f3fdb7d2a6b35c3d2f2dcf78b3,Aída,Marquês do Herval,Campina Grande,Esplanada,0,Não comprou,Nem começou,Ônibus,Não veio de carro,5,3,5,4,5,5,1965,"Até 1 SM (R$788,00)",Feminino,2015-12-23 19:08:41,2015-12-23 19:11:14,b1446c2600
2379ee92427241f2b57a2ba3895b7a0d,Hanna,Marquês do Herval,Boa vista,Thiago ,0,Não comprou,Nem começou,Ônibus,Não veio de carro,5,3,3,5,4,5,1992,"Até 1 SM (R$788,00)",Feminino,2015-12-23 19:10:43,2015-12-23 19:14:36,4c9decca0f
ed0df424c3b9613127bcc27fa9a6788a,Aída,Marquês do Herval,Campina Grande,Botucario,0,"R$1,00 - R$50,00",Já comprou tudo,Carro,Na rua zona azul,4,3,3,3,4,5,1962,"3 SM (R$2.364,00)",Feminino,2015-12-23 19:14:02,2015-12-23 19:15:58,b1446c2600
9d384ccbde142eca711cc02b1ab63c6f,Hanna,Marquês do Herval,Campina Grande,Tudo é 10,0,"R$1,00 - R$50,00",Já comprou tudo,Carro,Estacionamento privado,5,5,5,5,5,5,1985,"2 SM (R$1.576,00)",Feminino,2015-12-23 19:14:42,2015-12-23 19:18:07,4c9decca0f
a3f479147c5d8b93d6edf0cf8a5d24ed,Rodolfo,Marquês do Herval,Boa vista,Carajás,0,Não comprou,Não está comprando,Alternativo,Não veio de carro,5,3,4,3,5,4,1994,Não quis informar,Feminino,2015-12-23 19:15:00,2015-12-23 19:16:28,69f5571262
d2ed99613c683703ec58c98a49212fef,Aída,Marquês do Herval,Spa,Magazine luiza,0,Não comprou,Não está comprando,A pé,Não veio de carro,5,1,5,5,5,5,1987,"3 a 5 SM (R$2.365,00 - R$3.940,00)",Masculino,2015-12-23 19:16:16,2015-12-23 19:21:12,b1446c2600
81f61a90774ebd637daef6fc071607c1,Rodolfo,Marquês do Herval,Campina Grande,Cea,0,">R$500,00",Já comprou tudo,Mototaxi,Não veio de carro,2,5,5,5,5,3,1976,"Mais de 10 SM (>R$7.880,00)",Masculino,2015-12-23 19:17:08,2015-12-23 19:20:01,69f5571262
ad87c5c22aa5dac53b7c2d88074de65f,Hanna,Marquês do Herval,Campina Grande,N,1,Não comprou,Nem começou,Ônibus,Não veio de carro,5,5,2,5,5,5,1964,"2 SM (R$1.576,00)",Masculino,2015-12-23 19:18:14,2015-12-23 19:22:30,4c9decca0f
a1e9452b51ae72ec4ac93316d261e0f6,Rodolfo,Marquês do Herval,Boa vista,Campina veículos,0,Não comprou,No meio,Carro,Estacionamento privado,5,5,5,5,1,5,1940,"5 a 8 SM (R$3.941,00 - R$6.304,00)",Masculino,2015-12-23 19:20:28,2015-12-23 19:26:18,69f5571262
07a90ebcca9178d3f7d83be7cbc3d1ac,Hanna,Marquês do Herval,Boa vista,N,0,"R$51,00 - R$100,00",Não está comprando,Carro,Estacionamento privado,5,5,5,5,5,5,1979,Não quis informar,Masculino,2015-12-23 19:22:39,2015-12-23 19:26:08,4c9decca0f
c63eb922f2df7802f2e08e0511e50d44,Aída,Marquês do Herval,Campina Grande,Cea ,0,"R$51,00 - R$100,00",Já comprou tudo,Ônibus,Não veio de carro,5,4,5,5,5,4,1957,"2 SM (R$1.576,00)",Feminino,2015-12-23 19:25:04,2015-12-23 19:27:26,b1446c2600
12c178f56ae072b95a07342d6652eced,Hanna,Marquês do Herval,Recife,N,0,Não comprou,Nem começou,A pé,Não veio de carro,3,4,3,3,5,4,1957,"5 a 8 SM (R$3.941,00 - R$6.304,00)",Masculino,2015-12-23 19:26:31,2015-12-23 19:31:24,4c9decca0f
69dec9a9531b58e00e2399e45e6c7626,Hanna,Irineu Joffily,Campina Grande,N,1,Não comprou,Não está comprando,Carro,Praça de taxi ,3,2,1,3,1,1,1960,"3 a 5 SM (R$2.365,00 - R$3.940,00)",Masculino,2015-12-23 19:31:36,2015-12-23 19:42:07,4c9decca0f
9a6d44366ad76c2389f4a593c186a0c6,Aída,Irineu Joffily,Campina Grande,Nobel ,0,"R$51,00 - R$100,00",No meio,Carro,Na rua,5,5,5,3,5,5,1990,Sem renda,Masculino,2015-12-23 19:38:27,2015-12-23 19:40:07,b1446c2600
184742314c29ed37785041b7495343b7,Rodolfo,Irineu Joffily,Campina Grande,Boticário,0,Não comprou,,Carro,Estacionamento privado,4,4,5,5,5,5,1993,"3 SM (R$2.364,00)",Masculino,2015-12-23 19:39:09,2015-12-23 19:44:13,69f5571262
bd2fb97d17c878b44a5371f42128d144,Aída,Irineu Joffily,Lagoa seca,Paradise ,0,"R$51,00 - R$100,00",No meio,Ônibus,Não veio de carro,5,5,3,5,5,5,1992,Sem renda,Feminino,2015-12-23 19:40:17,2015-12-23 19:43:52,b1446c2600
d4b8346c1c2be1769e7e281cf079f9c1,Hanna,Irineu Joffily,Campina Grande,N,0,Não comprou,Não está comprando,A pé,Não veio de carro,5,4,5,3,5,5,1997,"3 SM (R$2.364,00)",Masculino,2015-12-23 19:42:19,2015-12-23 19:46:31,4c9decca0f
58aad5b47bfa196eea72fcbf843102e6,Aída,Irineu Joffily,Campina Grande,,0,Não comprou,Não está comprando,A pé,Não veio de carro,5,5,5,5,5,5,1971,"Salário comercial (R$876,00)",Masculino,2015-12-23 19:44:06,2015-12-23 19:47:36,b1446c2600
18b2d3f0e6d50f1732cd69039dfc6e95,Rodolfo,Irineu Joffily,Campina Grande,Ainda nao,0,Não comprou,Nem começou,A pé,Não veio de carro,5,1,3,3,5,5,1979,"2 SM (R$1.576,00)",Feminino,2015-12-23 19:44:35,2015-12-23 19:48:12,69f5571262
55c93766aaebbf056199fb1be5ad7886,Hanna,Irineu Joffily,Campina Grande,Paraíso dos alumínios ,0,"R$1,00 - R$50,00",No meio,Carro,Na rua zona azul,5,5,5,5,5,5,1971,"Mais de 10 SM (>R$7.880,00)",Feminino,2015-12-23 19:46:37,2015-12-23 19:50:33,4c9decca0f
8d9a88b8dff0b551cd0b3bda4d07b00a,Aída,Irineu Joffily,Campina Grande,Cea ,1,Não comprou,Já comprou tudo,Moto,Na rua zona azul,5,3,5,5,5,5,1996,"Salário comercial (R$876,00)",Masculino,2015-12-23 19:47:54,2015-12-23 19:49:46,b1446c2600
936828747cdbaf90016138ea6095e5f7,Rodolfo,Irineu Joffily,Campina Grande,Jetset,0,"R$201,00 - R$500,00",No meio,Carro,Na rua,5,4,1,4,5,5,1996,"3 a 5 SM (R$2.365,00 - R$3.940,00)",Feminino,2015-12-23 19:48:29,2015-12-23 19:50:45,69f5571262
6fd4edaf6c3b956c127cd643ac87ea9e,Aída,Irineu Joffily,Campina Grande,Copiadora,0,"R$1,00 - R$50,00",No meio,Carro,Na rua,5,2,2,5,5,5,1993,Sem renda,Masculino,2015-12-23 19:49:59,2015-12-23 19:51:58,b1446c2600
1b295283d9a5497aa7b934d7483451ed,Hanna,Irineu Joffily,Cachoeirinha ,Arezzo,0,"R$101,00 - R$200,00",No meio,Ônibus,Não veio de carro,5,1,1,4,4,5,1994,Não quis informar,Feminino,2015-12-23 19:50:40,2015-12-23 19:54:03,4c9decca0f
eec8a1444789cb117acdec63d621375f,Rodolfo,Irineu Joffily,Campina Grande,Tropeiros,0,"R$1,00 - R$50,00",Já comprou tudo,A pé,Não veio de carro,3,5,5,4,5,3,1990,"5 a 8 SM (R$3.941,00 - R$6.304,00)",Masculino,2015-12-23 19:51:03,2015-12-23 19:53:56,69f5571262
f2ffa00a96f8e281ff276503831d7a34,Aída,Irineu Joffily,Campina Grande,Cea ,0,Não comprou,Já comprou tudo,Carro,Carona apenas ida,5,5,5,3,3,5,1996,"3 SM (R$2.364,00)",Masculino,2015-12-23 19:52:09,2015-12-23 19:56:40,b1446c2600
6ae691797d5261653365ce11169ea35b,Hanna,Irineu Joffily,Campina Grande,C e a ,0,"R$1,00 - R$50,00",No meio,Ônibus,Não veio de carro,5,5,5,5,5,4,1997,"5 a 8 SM (R$3.941,00 - R$6.304,00)",Feminino,2015-12-23 19:54:17,2015-12-23 19:57:01,4c9decca0f
e0b67154cbb4b5d13b0b81f8e30d86ed,Aída,Irineu Joffily,Campina Grande,,0,Não comprou,Não está comprando,Ônibus,Não veio de carro,3,5,5,4,5,5,1981,"2 SM (R$1.576,00)",Masculino,2015-12-23 19:57:06,2015-12-23 20:02:42,b1446c2600
975675512e1809917b099cdf0d33725b,Hanna,Irineu Joffily,Solanea,Evenus,0,"R$201,00 - R$500,00",No meio,Ônibus,Não veio de carro,5,3,5,5,5,5,1990,Não quis informar,Feminino,2015-12-23 19:57:14,2015-12-23 20:00:42,4c9decca0f
027e24cfd8c5d020a4272775674a17b8,Rodolfo,Irineu Joffily,Campina Grande,Ipanema tecidos,0,"R$1,00 - R$50,00",Já comprou tudo,Carro,Na rua,5,3,1,5,5,5,1990,"8 a 10 SM (R$6.305,00 - R$7.880,00)",Feminino,2015-12-23 19:57:31,2015-12-23 20:00:43,69f5571262
6bab9fecd1b64f19622a4a0afb167307,Hanna,Irineu Joffily,Campina Grande,Brasil modas,0,"R$101,00 - R$200,00",Já comprou tudo,Carro,Carona ida e volta,5,3,3,4,5,5,1950,Não quis informar,Feminino,2015-12-23 20:00:59,2015-12-23 20:06:22,4c9decca0f
5df04e242227cf38eb2d2e9c7fb7510f,Aída,Irineu Joffily,Campina Grande,,1,Não comprou,Não está comprando,Carro,Carona ida e volta,5,5,5,2,3,3,1978,"Até 1 SM (R$788,00)",Feminino,2015-12-23 20:03:38,2015-12-23 20:05:14,b1446c2600
